indice,age_group,sommaPP,n,mu,sd,SS_100_15
qIC,6-10 anni,2,390,20.056410256410256,5.112301554431437,47
qIC,6-10 anni,3,390,20.056410256410256,5.112301554431437,50
qIC,6-10 anni,4,390,20.056410256410256,5.112301554431437,53
qIC,6-10 anni,5,390,20.056410256410256,5.112301554431437,56
qIC,6-10 anni,6,390,20.056410256410256,5.112301554431437,59
qIC,6-10 anni,7,390,20.056410256410256,5.112301554431437,62
qIC,6-10 anni,8,390,20.056410256410256,5.112301554431437,65
qIC,6-10 anni,9,390,20.056410256410256,5.112301554431437,68
qIC,6-10 anni,10,390,20.056410256410256,5.112301554431437,70
qIC,6-10 anni,11,390,20.056410256410256,5.112301554431437,73
qIC,6-10 anni,12,390,20.056410256410256,5.112301554431437,76
qIC,6-10 anni,13,390,20.056410256410256,5.112301554431437,79
qIC,6-10 anni,14,390,20.056410256410256,5.112301554431437,82
qIC,6-10 anni,15,390,20.056410256410256,5.112301554431437,85
qIC,6-10 anni,16,390,20.056410256410256,5.112301554431437,88
qIC,6-10 anni,17,390,20.056410256410256,5.112301554431437,91
qIC,6-10 anni,18,390,20.056410256410256,5.112301554431437,94
qIC,6-10 anni,19,390,20.056410256410256,5.112301554431437,97
qIC,6-10 anni,20,390,20.056410256410256,5.112301554431437,100
qIC,6-10 anni,21,390,20.056410256410256,5.112301554431437,103
qIC,6-10 anni,22,390,20.056410256410256,5.112301554431437,106
qIC,6-10 anni,23,390,20.056410256410256,5.112301554431437,109
qIC,6-10 anni,24,390,20.056410256410256,5.112301554431437,112
qIC,6-10 anni,25,390,20.056410256410256,5.112301554431437,115
qIC,6-10 anni,26,390,20.056410256410256,5.112301554431437,117
qIC,6-10 anni,27,390,20.056410256410256,5.112301554431437,120
qIC,6-10 anni,28,390,20.056410256410256,5.112301554431437,123
qIC,6-10 anni,29,390,20.056410256410256,5.112301554431437,126
qIC,6-10 anni,30,390,20.056410256410256,5.112301554431437,129
qIC,6-10 anni,31,390,20.056410256410256,5.112301554431437,132
qIC,6-10 anni,32,390,20.056410256410256,5.112301554431437,135
qIC,6-10 anni,33,390,20.056410256410256,5.112301554431437,138
qIC,6-10 anni,34,390,20.056410256410256,5.112301554431437,141
qIC,6-10 anni,35,390,20.056410256410256,5.112301554431437,144
qIC,6-10 anni,36,390,20.056410256410256,5.112301554431437,147
qIC,6-10 anni,37,390,20.056410256410256,5.112301554431437,150
qIC,6-10 anni,38,390,20.056410256410256,5.112301554431437,153
qIC,11-16 anni,2,644,19.96583850931677,5.133861068132031,48
qIC,11-16 anni,3,644,19.96583850931677,5.133861068132031,50
qIC,11-16 anni,4,644,19.96583850931677,5.133861068132031,53
qIC,11-16 anni,5,644,19.96583850931677,5.133861068132031,56
qIC,11-16 anni,6,644,19.96583850931677,5.133861068132031,59
qIC,11-16 anni,7,644,19.96583850931677,5.133861068132031,62
qIC,11-16 anni,8,644,19.96583850931677,5.133861068132031,65
qIC,11-16 anni,9,644,19.96583850931677,5.133861068132031,68
qIC,11-16 anni,10,644,19.96583850931677,5.133861068132031,71
qIC,11-16 anni,11,644,19.96583850931677,5.133861068132031,74
qIC,11-16 anni,12,644,19.96583850931677,5.133861068132031,77
qIC,11-16 anni,13,644,19.96583850931677,5.133861068132031,80
qIC,11-16 anni,14,644,19.96583850931677,5.133861068132031,83
qIC,11-16 anni,15,644,19.96583850931677,5.133861068132031,85
qIC,11-16 anni,16,644,19.96583850931677,5.133861068132031,88
qIC,11-16 anni,17,644,19.96583850931677,5.133861068132031,91
qIC,11-16 anni,18,644,19.96583850931677,5.133861068132031,94
qIC,11-16 anni,19,644,19.96583850931677,5.133861068132031,97
qIC,11-16 anni,20,644,19.96583850931677,5.133861068132031,100
qIC,11-16 anni,21,644,19.96583850931677,5.133861068132031,103
qIC,11-16 anni,22,644,19.96583850931677,5.133861068132031,106
qIC,11-16 anni,23,644,19.96583850931677,5.133861068132031,109
qIC,11-16 anni,24,644,19.96583850931677,5.133861068132031,112
qIC,11-16 anni,25,644,19.96583850931677,5.133861068132031,115
qIC,11-16 anni,26,644,19.96583850931677,5.133861068132031,118
qIC,11-16 anni,27,644,19.96583850931677,5.133861068132031,121
qIC,11-16 anni,28,644,19.96583850931677,5.133861068132031,123
qIC,11-16 anni,29,644,19.96583850931677,5.133861068132031,126
qIC,11-16 anni,30,644,19.96583850931677,5.133861068132031,129
qIC,11-16 anni,31,644,19.96583850931677,5.133861068132031,132
qIC,11-16 anni,32,644,19.96583850931677,5.133861068132031,135
qIC,11-16 anni,33,644,19.96583850931677,5.133861068132031,138
qIC,11-16 anni,34,644,19.96583850931677,5.133861068132031,141
qIC,11-16 anni,35,644,19.96583850931677,5.133861068132031,144
qIC,11-16 anni,36,644,19.96583850931677,5.133861068132031,147
qIC,11-16 anni,37,644,19.96583850931677,5.133861068132031,150
qIC,11-16 anni,38,644,19.96583850931677,5.133861068132031,153
qIC,17-22 anni,2,566,20.045936395759718,5.1299581073882035,47
qIC,17-22 anni,3,566,20.045936395759718,5.1299581073882035,50
qIC,17-22 anni,4,566,20.045936395759718,5.1299581073882035,53
qIC,17-22 anni,5,566,20.045936395759718,5.1299581073882035,56
qIC,17-22 anni,6,566,20.045936395759718,5.1299581073882035,59
qIC,17-22 anni,7,566,20.045936395759718,5.1299581073882035,62
qIC,17-22 anni,8,566,20.045936395759718,5.1299581073882035,65
qIC,17-22 anni,9,566,20.045936395759718,5.1299581073882035,68
qIC,17-22 anni,10,566,20.045936395759718,5.1299581073882035,71
qIC,17-22 anni,11,566,20.045936395759718,5.1299581073882035,74
qIC,17-22 anni,12,566,20.045936395759718,5.1299581073882035,76
qIC,17-22 anni,13,566,20.045936395759718,5.1299581073882035,79
qIC,17-22 anni,14,566,20.045936395759718,5.1299581073882035,82
qIC,17-22 anni,15,566,20.045936395759718,5.1299581073882035,85
qIC,17-22 anni,16,566,20.045936395759718,5.1299581073882035,88
qIC,17-22 anni,17,566,20.045936395759718,5.1299581073882035,91
qIC,17-22 anni,18,566,20.045936395759718,5.1299581073882035,94
qIC,17-22 anni,19,566,20.045936395759718,5.1299581073882035,97
qIC,17-22 anni,20,566,20.045936395759718,5.1299581073882035,100
qIC,17-22 anni,21,566,20.045936395759718,5.1299581073882035,103
qIC,17-22 anni,22,566,20.045936395759718,5.1299581073882035,106
qIC,17-22 anni,23,566,20.045936395759718,5.1299581073882035,109
qIC,17-22 anni,24,566,20.045936395759718,5.1299581073882035,112
qIC,17-22 anni,25,566,20.045936395759718,5.1299581073882035,114
qIC,17-22 anni,26,566,20.045936395759718,5.1299581073882035,117
qIC,17-22 anni,27,566,20.045936395759718,5.1299581073882035,120
qIC,17-22 anni,28,566,20.045936395759718,5.1299581073882035,123
qIC,17-22 anni,29,566,20.045936395759718,5.1299581073882035,126
qIC,17-22 anni,30,566,20.045936395759718,5.1299581073882035,129
qIC,17-22 anni,31,566,20.045936395759718,5.1299581073882035,132
qIC,17-22 anni,32,566,20.045936395759718,5.1299581073882035,135
qIC,17-22 anni,33,566,20.045936395759718,5.1299581073882035,138
qIC,17-22 anni,34,566,20.045936395759718,5.1299581073882035,141
qIC,17-22 anni,35,566,20.045936395759718,5.1299581073882035,144
qIC,17-22 anni,36,566,20.045936395759718,5.1299581073882035,147
qIC,17-22 anni,37,566,20.045936395759718,5.1299581073882035,150
qIC,17-22 anni,38,566,20.045936395759718,5.1299581073882035,152
qIF,6-10 anni,2,390,19.882051282051282,5.067303922817989,47
qIF,6-10 anni,3,390,19.882051282051282,5.067303922817989,50
qIF,6-10 anni,4,390,19.882051282051282,5.067303922817989,53
qIF,6-10 anni,5,390,19.882051282051282,5.067303922817989,56
qIF,6-10 anni,6,390,19.882051282051282,5.067303922817989,59
qIF,6-10 anni,7,390,19.882051282051282,5.067303922817989,62
qIF,6-10 anni,8,390,19.882051282051282,5.067303922817989,65
qIF,6-10 anni,9,390,19.882051282051282,5.067303922817989,68
qIF,6-10 anni,10,390,19.882051282051282,5.067303922817989,71
qIF,6-10 anni,11,390,19.882051282051282,5.067303922817989,74
qIF,6-10 anni,12,390,19.882051282051282,5.067303922817989,77
qIF,6-10 anni,13,390,19.882051282051282,5.067303922817989,80
qIF,6-10 anni,14,390,19.882051282051282,5.067303922817989,83
qIF,6-10 anni,15,390,19.882051282051282,5.067303922817989,86
qIF,6-10 anni,16,390,19.882051282051282,5.067303922817989,89
qIF,6-10 anni,17,390,19.882051282051282,5.067303922817989,91
qIF,6-10 anni,18,390,19.882051282051282,5.067303922817989,94
qIF,6-10 anni,19,390,19.882051282051282,5.067303922817989,97
qIF,6-10 anni,20,390,19.882051282051282,5.067303922817989,100
qIF,6-10 anni,21,390,19.882051282051282,5.067303922817989,103
qIF,6-10 anni,22,390,19.882051282051282,5.067303922817989,106
qIF,6-10 anni,23,390,19.882051282051282,5.067303922817989,109
qIF,6-10 anni,24,390,19.882051282051282,5.067303922817989,112
qIF,6-10 anni,25,390,19.882051282051282,5.067303922817989,115
qIF,6-10 anni,26,390,19.882051282051282,5.067303922817989,118
qIF,6-10 anni,27,390,19.882051282051282,5.067303922817989,121
qIF,6-10 anni,28,390,19.882051282051282,5.067303922817989,124
qIF,6-10 anni,29,390,19.882051282051282,5.067303922817989,127
qIF,6-10 anni,30,390,19.882051282051282,5.067303922817989,130
qIF,6-10 anni,31,390,19.882051282051282,5.067303922817989,133
qIF,6-10 anni,32,390,19.882051282051282,5.067303922817989,136
qIF,6-10 anni,33,390,19.882051282051282,5.067303922817989,139
qIF,6-10 anni,34,390,19.882051282051282,5.067303922817989,142
qIF,6-10 anni,35,390,19.882051282051282,5.067303922817989,145
qIF,6-10 anni,36,390,19.882051282051282,5.067303922817989,148
qIF,6-10 anni,37,390,19.882051282051282,5.067303922817989,151
qIF,6-10 anni,38,390,19.882051282051282,5.067303922817989,154
qIF,11-16 anni,2,644,20.03416149068323,5.1040874126553115,47
qIF,11-16 anni,3,644,20.03416149068323,5.1040874126553115,50
qIF,11-16 anni,4,644,20.03416149068323,5.1040874126553115,53
qIF,11-16 anni,5,644,20.03416149068323,5.1040874126553115,56
qIF,11-16 anni,6,644,20.03416149068323,5.1040874126553115,59
qIF,11-16 anni,7,644,20.03416149068323,5.1040874126553115,62
qIF,11-16 anni,8,644,20.03416149068323,5.1040874126553115,65
qIF,11-16 anni,9,644,20.03416149068323,5.1040874126553115,68
qIF,11-16 anni,10,644,20.03416149068323,5.1040874126553115,71
qIF,11-16 anni,11,644,20.03416149068323,5.1040874126553115,73
qIF,11-16 anni,12,644,20.03416149068323,5.1040874126553115,76
qIF,11-16 anni,13,644,20.03416149068323,5.1040874126553115,79
qIF,11-16 anni,14,644,20.03416149068323,5.1040874126553115,82
qIF,11-16 anni,15,644,20.03416149068323,5.1040874126553115,85
qIF,11-16 anni,16,644,20.03416149068323,5.1040874126553115,88
qIF,11-16 anni,17,644,20.03416149068323,5.1040874126553115,91
qIF,11-16 anni,18,644,20.03416149068323,5.1040874126553115,94
qIF,11-16 anni,19,644,20.03416149068323,5.1040874126553115,97
qIF,11-16 anni,20,644,20.03416149068323,5.1040874126553115,100
qIF,11-16 anni,21,644,20.03416149068323,5.1040874126553115,103
qIF,11-16 anni,22,644,20.03416149068323,5.1040874126553115,106
qIF,11-16 anni,23,644,20.03416149068323,5.1040874126553115,109
qIF,11-16 anni,24,644,20.03416149068323,5.1040874126553115,112
qIF,11-16 anni,25,644,20.03416149068323,5.1040874126553115,115
qIF,11-16 anni,26,644,20.03416149068323,5.1040874126553115,118
qIF,11-16 anni,27,644,20.03416149068323,5.1040874126553115,120
qIF,11-16 anni,28,644,20.03416149068323,5.1040874126553115,123
qIF,11-16 anni,29,644,20.03416149068323,5.1040874126553115,126
qIF,11-16 anni,30,644,20.03416149068323,5.1040874126553115,129
qIF,11-16 anni,31,644,20.03416149068323,5.1040874126553115,132
qIF,11-16 anni,32,644,20.03416149068323,5.1040874126553115,135
qIF,11-16 anni,33,644,20.03416149068323,5.1040874126553115,138
qIF,11-16 anni,34,644,20.03416149068323,5.1040874126553115,141
qIF,11-16 anni,35,644,20.03416149068323,5.1040874126553115,144
qIF,11-16 anni,36,644,20.03416149068323,5.1040874126553115,147
qIF,11-16 anni,37,644,20.03416149068323,5.1040874126553115,150
qIF,11-16 anni,38,644,20.03416149068323,5.1040874126553115,153
qIF,17-22 anni,2,566,20.063604240282686,4.889524697270781,45
qIF,17-22 anni,3,566,20.063604240282686,4.889524697270781,48
qIF,17-22 anni,4,566,20.063604240282686,4.889524697270781,51
qIF,17-22 anni,5,566,20.063604240282686,4.889524697270781,54
qIF,17-22 anni,6,566,20.063604240282686,4.889524697270781,57
qIF,17-22 anni,7,566,20.063604240282686,4.889524697270781,60
qIF,17-22 anni,8,566,20.063604240282686,4.889524697270781,63
qIF,17-22 anni,9,566,20.063604240282686,4.889524697270781,66
qIF,17-22 anni,10,566,20.063604240282686,4.889524697270781,69
qIF,17-22 anni,11,566,20.063604240282686,4.889524697270781,72
qIF,17-22 anni,12,566,20.063604240282686,4.889524697270781,75
qIF,17-22 anni,13,566,20.063604240282686,4.889524697270781,78
qIF,17-22 anni,14,566,20.063604240282686,4.889524697270781,81
qIF,17-22 anni,15,566,20.063604240282686,4.889524697270781,84
qIF,17-22 anni,16,566,20.063604240282686,4.889524697270781,88
qIF,17-22 anni,17,566,20.063604240282686,4.889524697270781,91
qIF,17-22 anni,18,566,20.063604240282686,4.889524697270781,94
qIF,17-22 anni,19,566,20.063604240282686,4.889524697270781,97
qIF,17-22 anni,20,566,20.063604240282686,4.889524697270781,100
qIF,17-22 anni,21,566,20.063604240282686,4.889524697270781,103
qIF,17-22 anni,22,566,20.063604240282686,4.889524697270781,106
qIF,17-22 anni,23,566,20.063604240282686,4.889524697270781,109
qIF,17-22 anni,24,566,20.063604240282686,4.889524697270781,112
qIF,17-22 anni,25,566,20.063604240282686,4.889524697270781,115
qIF,17-22 anni,26,566,20.063604240282686,4.889524697270781,118
qIF,17-22 anni,27,566,20.063604240282686,4.889524697270781,121
qIF,17-22 anni,28,566,20.063604240282686,4.889524697270781,124
qIF,17-22 anni,29,566,20.063604240282686,4.889524697270781,127
qIF,17-22 anni,30,566,20.063604240282686,4.889524697270781,130
qIF,17-22 anni,31,566,20.063604240282686,4.889524697270781,134
qIF,17-22 anni,32,566,20.063604240282686,4.889524697270781,137
qIF,17-22 anni,33,566,20.063604240282686,4.889524697270781,140
qIF,17-22 anni,34,566,20.063604240282686,4.889524697270781,143
qIF,17-22 anni,35,566,20.063604240282686,4.889524697270781,146
qIF,17-22 anni,36,566,20.063604240282686,4.889524697270781,149
qIF,17-22 anni,37,566,20.063604240282686,4.889524697270781,152
qIF,17-22 anni,38,566,20.063604240282686,4.889524697270781,155
qVS,6-10 anni,2,390,19.984615384615385,4.990455592821885,46
qVS,6-10 anni,3,390,19.984615384615385,4.990455592821885,49
qVS,6-10 anni,4,390,19.984615384615385,4.990455592821885,52
qVS,6-10 anni,5,390,19.984615384615385,4.990455592821885,55
qVS,6-10 anni,6,390,19.984615384615385,4.990455592821885,58
qVS,6-10 anni,7,390,19.984615384615385,4.990455592821885,61
qVS,6-10 anni,8,390,19.984615384615385,4.990455592821885,64
qVS,6-10 anni,9,390,19.984615384615385,4.990455592821885,67
qVS,6-10 anni,10,390,19.984615384615385,4.990455592821885,70
qVS,6-10 anni,11,390,19.984615384615385,4.990455592821885,73
qVS,6-10 anni,12,390,19.984615384615385,4.990455592821885,76
qVS,6-10 anni,13,390,19.984615384615385,4.990455592821885,79
qVS,6-10 anni,14,390,19.984615384615385,4.990455592821885,82
qVS,6-10 anni,15,390,19.984615384615385,4.990455592821885,85
qVS,6-10 anni,16,390,19.984615384615385,4.990455592821885,88
qVS,6-10 anni,17,390,19.984615384615385,4.990455592821885,91
qVS,6-10 anni,18,390,19.984615384615385,4.990455592821885,94
qVS,6-10 anni,19,390,19.984615384615385,4.990455592821885,97
qVS,6-10 anni,20,390,19.984615384615385,4.990455592821885,100
qVS,6-10 anni,21,390,19.984615384615385,4.990455592821885,103
qVS,6-10 anni,22,390,19.984615384615385,4.990455592821885,106
qVS,6-10 anni,23,390,19.984615384615385,4.990455592821885,109
qVS,6-10 anni,24,390,19.984615384615385,4.990455592821885,112
qVS,6-10 anni,25,390,19.984615384615385,4.990455592821885,115
qVS,6-10 anni,26,390,19.984615384615385,4.990455592821885,118
qVS,6-10 anni,27,390,19.984615384615385,4.990455592821885,121
qVS,6-10 anni,28,390,19.984615384615385,4.990455592821885,124
qVS,6-10 anni,29,390,19.984615384615385,4.990455592821885,127
qVS,6-10 anni,30,390,19.984615384615385,4.990455592821885,130
qVS,6-10 anni,31,390,19.984615384615385,4.990455592821885,133
qVS,6-10 anni,32,390,19.984615384615385,4.990455592821885,136
qVS,6-10 anni,33,390,19.984615384615385,4.990455592821885,139
qVS,6-10 anni,34,390,19.984615384615385,4.990455592821885,142
qVS,6-10 anni,35,390,19.984615384615385,4.990455592821885,145
qVS,6-10 anni,36,390,19.984615384615385,4.990455592821885,148
qVS,6-10 anni,37,390,19.984615384615385,4.990455592821885,151
qVS,6-10 anni,38,390,19.984615384615385,4.990455592821885,154
qVS,11-16 anni,2,644,19.981366459627328,5.091965494122751,47
qVS,11-16 anni,3,644,19.981366459627328,5.091965494122751,50
qVS,11-16 anni,4,644,19.981366459627328,5.091965494122751,53
qVS,11-16 anni,5,644,19.981366459627328,5.091965494122751,56
qVS,11-16 anni,6,644,19.981366459627328,5.091965494122751,59
qVS,11-16 anni,7,644,19.981366459627328,5.091965494122751,62
qVS,11-16 anni,8,644,19.981366459627328,5.091965494122751,65
qVS,11-16 anni,9,644,19.981366459627328,5.091965494122751,68
qVS,11-16 anni,10,644,19.981366459627328,5.091965494122751,71
qVS,11-16 anni,11,644,19.981366459627328,5.091965494122751,74
qVS,11-16 anni,12,644,19.981366459627328,5.091965494122751,76
qVS,11-16 anni,13,644,19.981366459627328,5.091965494122751,79
qVS,11-16 anni,14,644,19.981366459627328,5.091965494122751,82
qVS,11-16 anni,15,644,19.981366459627328,5.091965494122751,85
qVS,11-16 anni,16,644,19.981366459627328,5.091965494122751,88
qVS,11-16 anni,17,644,19.981366459627328,5.091965494122751,91
qVS,11-16 anni,18,644,19.981366459627328,5.091965494122751,94
qVS,11-16 anni,19,644,19.981366459627328,5.091965494122751,97
qVS,11-16 anni,20,644,19.981366459627328,5.091965494122751,100
qVS,11-16 anni,21,644,19.981366459627328,5.091965494122751,103
qVS,11-16 anni,22,644,19.981366459627328,5.091965494122751,106
qVS,11-16 anni,23,644,19.981366459627328,5.091965494122751,109
qVS,11-16 anni,24,644,19.981366459627328,5.091965494122751,112
qVS,11-16 anni,25,644,19.981366459627328,5.091965494122751,115
qVS,11-16 anni,26,644,19.981366459627328,5.091965494122751,118
qVS,11-16 anni,27,644,19.981366459627328,5.091965494122751,121
qVS,11-16 anni,28,644,19.981366459627328,5.091965494122751,124
qVS,11-16 anni,29,644,19.981366459627328,5.091965494122751,127
qVS,11-16 anni,30,644,19.981366459627328,5.091965494122751,130
qVS,11-16 anni,31,644,19.981366459627328,5.091965494122751,132
qVS,11-16 anni,32,644,19.981366459627328,5.091965494122751,135
qVS,11-16 anni,33,644,19.981366459627328,5.091965494122751,138
qVS,11-16 anni,34,644,19.981366459627328,5.091965494122751,141
qVS,11-16 anni,35,644,19.981366459627328,5.091965494122751,144
qVS,11-16 anni,36,644,19.981366459627328,5.091965494122751,147
qVS,11-16 anni,37,644,19.981366459627328,5.091965494122751,150
qVS,11-16 anni,38,644,19.981366459627328,5.091965494122751,153
qVS,17-22 anni,2,566,19.952296819787986,5.013205925686177,46
qVS,17-22 anni,3,566,19.952296819787986,5.013205925686177,49
qVS,17-22 anni,4,566,19.952296819787986,5.013205925686177,52
qVS,17-22 anni,5,566,19.952296819787986,5.013205925686177,55
qVS,17-22 anni,6,566,19.952296819787986,5.013205925686177,58
qVS,17-22 anni,7,566,19.952296819787986,5.013205925686177,61
qVS,17-22 anni,8,566,19.952296819787986,5.013205925686177,64
qVS,17-22 anni,9,566,19.952296819787986,5.013205925686177,67
qVS,17-22 anni,10,566,19.952296819787986,5.013205925686177,70
qVS,17-22 anni,11,566,19.952296819787986,5.013205925686177,73
qVS,17-22 anni,12,566,19.952296819787986,5.013205925686177,76
qVS,17-22 anni,13,566,19.952296819787986,5.013205925686177,79
qVS,17-22 anni,14,566,19.952296819787986,5.013205925686177,82
qVS,17-22 anni,15,566,19.952296819787986,5.013205925686177,85
qVS,17-22 anni,16,566,19.952296819787986,5.013205925686177,88
qVS,17-22 anni,17,566,19.952296819787986,5.013205925686177,91
qVS,17-22 anni,18,566,19.952296819787986,5.013205925686177,94
qVS,17-22 anni,19,566,19.952296819787986,5.013205925686177,97
qVS,17-22 anni,20,566,19.952296819787986,5.013205925686177,100
qVS,17-22 anni,21,566,19.952296819787986,5.013205925686177,103
qVS,17-22 anni,22,566,19.952296819787986,5.013205925686177,106
qVS,17-22 anni,23,566,19.952296819787986,5.013205925686177,109
qVS,17-22 anni,24,566,19.952296819787986,5.013205925686177,112
qVS,17-22 anni,25,566,19.952296819787986,5.013205925686177,115
qVS,17-22 anni,26,566,19.952296819787986,5.013205925686177,118
qVS,17-22 anni,27,566,19.952296819787986,5.013205925686177,121
qVS,17-22 anni,28,566,19.952296819787986,5.013205925686177,124
qVS,17-22 anni,29,566,19.952296819787986,5.013205925686177,127
qVS,17-22 anni,30,566,19.952296819787986,5.013205925686177,130
qVS,17-22 anni,31,566,19.952296819787986,5.013205925686177,133
qVS,17-22 anni,32,566,19.952296819787986,5.013205925686177,136
qVS,17-22 anni,33,566,19.952296819787986,5.013205925686177,139
qVS,17-22 anni,34,566,19.952296819787986,5.013205925686177,142
qVS,17-22 anni,35,566,19.952296819787986,5.013205925686177,145
qVS,17-22 anni,36,566,19.952296819787986,5.013205925686177,148
qVS,17-22 anni,37,566,19.952296819787986,5.013205925686177,151
qVS,17-22 anni,38,566,19.952296819787986,5.013205925686177,154
qML,6-10 anni,2,390,20.012820512820515,5.162385186716562,48
qML,6-10 anni,3,390,20.012820512820515,5.162385186716562,51
qML,6-10 anni,4,390,20.012820512820515,5.162385186716562,53
qML,6-10 anni,5,390,20.012820512820515,5.162385186716562,56
qML,6-10 anni,6,390,20.012820512820515,5.162385186716562,59
qML,6-10 anni,7,390,20.012820512820515,5.162385186716562,62
qML,6-10 anni,8,390,20.012820512820515,5.162385186716562,65
qML,6-10 anni,9,390,20.012820512820515,5.162385186716562,68
qML,6-10 anni,10,390,20.012820512820515,5.162385186716562,71
qML,6-10 anni,11,390,20.012820512820515,5.162385186716562,74
qML,6-10 anni,12,390,20.012820512820515,5.162385186716562,77
qML,6-10 anni,13,390,20.012820512820515,5.162385186716562,80
qML,6-10 anni,14,390,20.012820512820515,5.162385186716562,83
qML,6-10 anni,15,390,20.012820512820515,5.162385186716562,85
qML,6-10 anni,16,390,20.012820512820515,5.162385186716562,88
qML,6-10 anni,17,390,20.012820512820515,5.162385186716562,91
qML,6-10 anni,18,390,20.012820512820515,5.162385186716562,94
qML,6-10 anni,19,390,20.012820512820515,5.162385186716562,97
qML,6-10 anni,20,390,20.012820512820515,5.162385186716562,100
qML,6-10 anni,21,390,20.012820512820515,5.162385186716562,103
qML,6-10 anni,22,390,20.012820512820515,5.162385186716562,106
qML,6-10 anni,23,390,20.012820512820515,5.162385186716562,109
qML,6-10 anni,24,390,20.012820512820515,5.162385186716562,112
qML,6-10 anni,25,390,20.012820512820515,5.162385186716562,114
qML,6-10 anni,26,390,20.012820512820515,5.162385186716562,117
qML,6-10 anni,27,390,20.012820512820515,5.162385186716562,120
qML,6-10 anni,28,390,20.012820512820515,5.162385186716562,123
qML,6-10 anni,29,390,20.012820512820515,5.162385186716562,126
qML,6-10 anni,30,390,20.012820512820515,5.162385186716562,129
qML,6-10 anni,31,390,20.012820512820515,5.162385186716562,132
qML,6-10 anni,32,390,20.012820512820515,5.162385186716562,135
qML,6-10 anni,33,390,20.012820512820515,5.162385186716562,138
qML,6-10 anni,34,390,20.012820512820515,5.162385186716562,141
qML,6-10 anni,35,390,20.012820512820515,5.162385186716562,144
qML,6-10 anni,36,390,20.012820512820515,5.162385186716562,146
qML,6-10 anni,37,390,20.012820512820515,5.162385186716562,149
qML,6-10 anni,38,390,20.012820512820515,5.162385186716562,152
qML,11-16 anni,2,644,19.998447204968944,5.0288434690691695,46
qML,11-16 anni,3,644,19.998447204968944,5.0288434690691695,49
qML,11-16 anni,4,644,19.998447204968944,5.0288434690691695,52
qML,11-16 anni,5,644,19.998447204968944,5.0288434690691695,55
qML,11-16 anni,6,644,19.998447204968944,5.0288434690691695,58
qML,11-16 anni,7,644,19.998447204968944,5.0288434690691695,61
qML,11-16 anni,8,644,19.998447204968944,5.0288434690691695,64
qML,11-16 anni,9,644,19.998447204968944,5.0288434690691695,67
qML,11-16 anni,10,644,19.998447204968944,5.0288434690691695,70
qML,11-16 anni,11,644,19.998447204968944,5.0288434690691695,73
qML,11-16 anni,12,644,19.998447204968944,5.0288434690691695,76
qML,11-16 anni,13,644,19.998447204968944,5.0288434690691695,79
qML,11-16 anni,14,644,19.998447204968944,5.0288434690691695,82
qML,11-16 anni,15,644,19.998447204968944,5.0288434690691695,85
qML,11-16 anni,16,644,19.998447204968944,5.0288434690691695,88
qML,11-16 anni,17,644,19.998447204968944,5.0288434690691695,91
qML,11-16 anni,18,644,19.998447204968944,5.0288434690691695,94
qML,11-16 anni,19,644,19.998447204968944,5.0288434690691695,97
qML,11-16 anni,20,644,19.998447204968944,5.0288434690691695,100
qML,11-16 anni,21,644,19.998447204968944,5.0288434690691695,103
qML,11-16 anni,22,644,19.998447204968944,5.0288434690691695,106
qML,11-16 anni,23,644,19.998447204968944,5.0288434690691695,109
qML,11-16 anni,24,644,19.998447204968944,5.0288434690691695,112
qML,11-16 anni,25,644,19.998447204968944,5.0288434690691695,115
qML,11-16 anni,26,644,19.998447204968944,5.0288434690691695,118
qML,11-16 anni,27,644,19.998447204968944,5.0288434690691695,121
qML,11-16 anni,28,644,19.998447204968944,5.0288434690691695,124
qML,11-16 anni,29,644,19.998447204968944,5.0288434690691695,127
qML,11-16 anni,30,644,19.998447204968944,5.0288434690691695,130
qML,11-16 anni,31,644,19.998447204968944,5.0288434690691695,133
qML,11-16 anni,32,644,19.998447204968944,5.0288434690691695,136
qML,11-16 anni,33,644,19.998447204968944,5.0288434690691695,139
qML,11-16 anni,34,644,19.998447204968944,5.0288434690691695,142
qML,11-16 anni,35,644,19.998447204968944,5.0288434690691695,145
qML,11-16 anni,36,644,19.998447204968944,5.0288434690691695,148
qML,11-16 anni,37,644,19.998447204968944,5.0288434690691695,151
qML,11-16 anni,38,644,19.998447204968944,5.0288434690691695,154
qML,17-22 anni,2,566,19.920494699646643,4.836334138211713,44
qML,17-22 anni,3,566,19.920494699646643,4.836334138211713,48
qML,17-22 anni,4,566,19.920494699646643,4.836334138211713,51
qML,17-22 anni,5,566,19.920494699646643,4.836334138211713,54
qML,17-22 anni,6,566,19.920494699646643,4.836334138211713,57
qML,17-22 anni,7,566,19.920494699646643,4.836334138211713,60
qML,17-22 anni,8,566,19.920494699646643,4.836334138211713,63
qML,17-22 anni,9,566,19.920494699646643,4.836334138211713,66
qML,17-22 anni,10,566,19.920494699646643,4.836334138211713,69
qML,17-22 anni,11,566,19.920494699646643,4.836334138211713,72
qML,17-22 anni,12,566,19.920494699646643,4.836334138211713,75
qML,17-22 anni,13,566,19.920494699646643,4.836334138211713,79
qML,17-22 anni,14,566,19.920494699646643,4.836334138211713,82
qML,17-22 anni,15,566,19.920494699646643,4.836334138211713,85
qML,17-22 anni,16,566,19.920494699646643,4.836334138211713,88
qML,17-22 anni,17,566,19.920494699646643,4.836334138211713,91
qML,17-22 anni,18,566,19.920494699646643,4.836334138211713,94
qML,17-22 anni,19,566,19.920494699646643,4.836334138211713,97
qML,17-22 anni,20,566,19.920494699646643,4.836334138211713,100
qML,17-22 anni,21,566,19.920494699646643,4.836334138211713,103
qML,17-22 anni,22,566,19.920494699646643,4.836334138211713,106
qML,17-22 anni,23,566,19.920494699646643,4.836334138211713,110
qML,17-22 anni,24,566,19.920494699646643,4.836334138211713,113
qML,17-22 anni,25,566,19.920494699646643,4.836334138211713,116
qML,17-22 anni,26,566,19.920494699646643,4.836334138211713,119
qML,17-22 anni,27,566,19.920494699646643,4.836334138211713,122
qML,17-22 anni,28,566,19.920494699646643,4.836334138211713,125
qML,17-22 anni,29,566,19.920494699646643,4.836334138211713,128
qML,17-22 anni,30,566,19.920494699646643,4.836334138211713,131
qML,17-22 anni,31,566,19.920494699646643,4.836334138211713,134
qML,17-22 anni,32,566,19.920494699646643,4.836334138211713,137
qML,17-22 anni,33,566,19.920494699646643,4.836334138211713,141
qML,17-22 anni,34,566,19.920494699646643,4.836334138211713,144
qML,17-22 anni,35,566,19.920494699646643,4.836334138211713,147
qML,17-22 anni,36,566,19.920494699646643,4.836334138211713,150
qML,17-22 anni,37,566,19.920494699646643,4.836334138211713,153
qML,17-22 anni,38,566,19.920494699646643,4.836334138211713,156
qVE,6-10 anni,2,390,20.025641025641026,5.378655232240676,50
qVE,6-10 anni,3,390,20.025641025641026,5.378655232240676,53
qVE,6-10 anni,4,390,20.025641025641026,5.378655232240676,55
qVE,6-10 anni,5,390,20.025641025641026,5.378655232240676,58
qVE,6-10 anni,6,390,20.025641025641026,5.378655232240676,61
qVE,6-10 anni,7,390,20.025641025641026,5.378655232240676,64
qVE,6-10 anni,8,390,20.025641025641026,5.378655232240676,66
qVE,6-10 anni,9,390,20.025641025641026,5.378655232240676,69
qVE,6-10 anni,10,390,20.025641025641026,5.378655232240676,72
qVE,6-10 anni,11,390,20.025641025641026,5.378655232240676,75
qVE,6-10 anni,12,390,20.025641025641026,5.378655232240676,78
qVE,6-10 anni,13,390,20.025641025641026,5.378655232240676,80
qVE,6-10 anni,14,390,20.025641025641026,5.378655232240676,83
qVE,6-10 anni,15,390,20.025641025641026,5.378655232240676,86
qVE,6-10 anni,16,390,20.025641025641026,5.378655232240676,89
qVE,6-10 anni,17,390,20.025641025641026,5.378655232240676,92
qVE,6-10 anni,18,390,20.025641025641026,5.378655232240676,94
qVE,6-10 anni,19,390,20.025641025641026,5.378655232240676,97
qVE,6-10 anni,20,390,20.025641025641026,5.378655232240676,100
qVE,6-10 anni,21,390,20.025641025641026,5.378655232240676,103
qVE,6-10 anni,22,390,20.025641025641026,5.378655232240676,106
qVE,6-10 anni,23,390,20.025641025641026,5.378655232240676,108
qVE,6-10 anni,24,390,20.025641025641026,5.378655232240676,111
qVE,6-10 anni,25,390,20.025641025641026,5.378655232240676,114
qVE,6-10 anni,26,390,20.025641025641026,5.378655232240676,117
qVE,6-10 anni,27,390,20.025641025641026,5.378655232240676,119
qVE,6-10 anni,28,390,20.025641025641026,5.378655232240676,122
qVE,6-10 anni,29,390,20.025641025641026,5.378655232240676,125
qVE,6-10 anni,30,390,20.025641025641026,5.378655232240676,128
qVE,6-10 anni,31,390,20.025641025641026,5.378655232240676,131
qVE,6-10 anni,32,390,20.025641025641026,5.378655232240676,133
qVE,6-10 anni,33,390,20.025641025641026,5.378655232240676,136
qVE,6-10 anni,34,390,20.025641025641026,5.378655232240676,139
qVE,6-10 anni,35,390,20.025641025641026,5.378655232240676,142
qVE,6-10 anni,36,390,20.025641025641026,5.378655232240676,145
qVE,6-10 anni,37,390,20.025641025641026,5.378655232240676,147
qVE,6-10 anni,38,390,20.025641025641026,5.378655232240676,150
qVE,11-16 anni,2,644,20.03105590062112,5.205479061349256,48
qVE,11-16 anni,3,644,20.03105590062112,5.205479061349256,51
qVE,11-16 anni,4,644,20.03105590062112,5.205479061349256,54
qVE,11-16 anni,5,644,20.03105590062112,5.205479061349256,57
qVE,11-16 anni,6,644,20.03105590062112,5.205479061349256,60
qVE,11-16 anni,7,644,20.03105590062112,5.205479061349256,62
qVE,11-16 anni,8,644,20.03105590062112,5.205479061349256,65
qVE,11-16 anni,9,644,20.03105590062112,5.205479061349256,68
qVE,11-16 anni,10,644,20.03105590062112,5.205479061349256,71
qVE,11-16 anni,11,644,20.03105590062112,5.205479061349256,74
qVE,11-16 anni,12,644,20.03105590062112,5.205479061349256,77
qVE,11-16 anni,13,644,20.03105590062112,5.205479061349256,80
qVE,11-16 anni,14,644,20.03105590062112,5.205479061349256,83
qVE,11-16 anni,15,644,20.03105590062112,5.205479061349256,86
qVE,11-16 anni,16,644,20.03105590062112,5.205479061349256,88
qVE,11-16 anni,17,644,20.03105590062112,5.205479061349256,91
qVE,11-16 anni,18,644,20.03105590062112,5.205479061349256,94
qVE,11-16 anni,19,644,20.03105590062112,5.205479061349256,97
qVE,11-16 anni,20,644,20.03105590062112,5.205479061349256,100
qVE,11-16 anni,21,644,20.03105590062112,5.205479061349256,103
qVE,11-16 anni,22,644,20.03105590062112,5.205479061349256,106
qVE,11-16 anni,23,644,20.03105590062112,5.205479061349256,109
qVE,11-16 anni,24,644,20.03105590062112,5.205479061349256,111
qVE,11-16 anni,25,644,20.03105590062112,5.205479061349256,114
qVE,11-16 anni,26,644,20.03105590062112,5.205479061349256,117
qVE,11-16 anni,27,644,20.03105590062112,5.205479061349256,120
qVE,11-16 anni,28,644,20.03105590062112,5.205479061349256,123
qVE,11-16 anni,29,644,20.03105590062112,5.205479061349256,126
qVE,11-16 anni,30,644,20.03105590062112,5.205479061349256,129
qVE,11-16 anni,31,644,20.03105590062112,5.205479061349256,132
qVE,11-16 anni,32,644,20.03105590062112,5.205479061349256,134
qVE,11-16 anni,33,644,20.03105590062112,5.205479061349256,137
qVE,11-16 anni,34,644,20.03105590062112,5.205479061349256,140
qVE,11-16 anni,35,644,20.03105590062112,5.205479061349256,143
qVE,11-16 anni,36,644,20.03105590062112,5.205479061349256,146
qVE,11-16 anni,37,644,20.03105590062112,5.205479061349256,149
qVE,11-16 anni,38,644,20.03105590062112,5.205479061349256,152
qVE,17-22 anni,2,566,20,5.165234362320757,48
qVE,17-22 anni,3,566,20,5.165234362320757,51
qVE,17-22 anni,4,566,20,5.165234362320757,54
qVE,17-22 anni,5,566,20,5.165234362320757,56
qVE,17-22 anni,6,566,20,5.165234362320757,59
qVE,17-22 anni,7,566,20,5.165234362320757,62
qVE,17-22 anni,8,566,20,5.165234362320757,65
qVE,17-22 anni,9,566,20,5.165234362320757,68
qVE,17-22 anni,10,566,20,5.165234362320757,71
qVE,17-22 anni,11,566,20,5.165234362320757,74
qVE,17-22 anni,12,566,20,5.165234362320757,77
qVE,17-22 anni,13,566,20,5.165234362320757,80
qVE,17-22 anni,14,566,20,5.165234362320757,83
qVE,17-22 anni,15,566,20,5.165234362320757,85
qVE,17-22 anni,16,566,20,5.165234362320757,88
qVE,17-22 anni,17,566,20,5.165234362320757,91
qVE,17-22 anni,18,566,20,5.165234362320757,94
qVE,17-22 anni,19,566,20,5.165234362320757,97
qVE,17-22 anni,20,566,20,5.165234362320757,100
qVE,17-22 anni,21,566,20,5.165234362320757,103
qVE,17-22 anni,22,566,20,5.165234362320757,106
qVE,17-22 anni,23,566,20,5.165234362320757,109
qVE,17-22 anni,24,566,20,5.165234362320757,112
qVE,17-22 anni,25,566,20,5.165234362320757,115
qVE,17-22 anni,26,566,20,5.165234362320757,117
qVE,17-22 anni,27,566,20,5.165234362320757,120
qVE,17-22 anni,28,566,20,5.165234362320757,123
qVE,17-22 anni,29,566,20,5.165234362320757,126
qVE,17-22 anni,30,566,20,5.165234362320757,129
qVE,17-22 anni,31,566,20,5.165234362320757,132
qVE,17-22 anni,32,566,20,5.165234362320757,135
qVE,17-22 anni,33,566,20,5.165234362320757,138
qVE,17-22 anni,34,566,20,5.165234362320757,141
qVE,17-22 anni,35,566,20,5.165234362320757,144
qVE,17-22 anni,36,566,20,5.165234362320757,146
qVE,17-22 anni,37,566,20,5.165234362320757,149
qVE,17-22 anni,38,566,20,5.165234362320757,152
qAR,6-10 anni,2,390,19.994871794871795,4.836129489695736,44
qAR,6-10 anni,3,390,19.994871794871795,4.836129489695736,47
qAR,6-10 anni,4,390,19.994871794871795,4.836129489695736,50
qAR,6-10 anni,5,390,19.994871794871795,4.836129489695736,53
qAR,6-10 anni,6,390,19.994871794871795,4.836129489695736,57
qAR,6-10 anni,7,390,19.994871794871795,4.836129489695736,60
qAR,6-10 anni,8,390,19.994871794871795,4.836129489695736,63
qAR,6-10 anni,9,390,19.994871794871795,4.836129489695736,66
qAR,6-10 anni,10,390,19.994871794871795,4.836129489695736,69
qAR,6-10 anni,11,390,19.994871794871795,4.836129489695736,72
qAR,6-10 anni,12,390,19.994871794871795,4.836129489695736,75
qAR,6-10 anni,13,390,19.994871794871795,4.836129489695736,78
qAR,6-10 anni,14,390,19.994871794871795,4.836129489695736,81
qAR,6-10 anni,15,390,19.994871794871795,4.836129489695736,85
qAR,6-10 anni,16,390,19.994871794871795,4.836129489695736,88
qAR,6-10 anni,17,390,19.994871794871795,4.836129489695736,91
qAR,6-10 anni,18,390,19.994871794871795,4.836129489695736,94
qAR,6-10 anni,19,390,19.994871794871795,4.836129489695736,97
qAR,6-10 anni,20,390,19.994871794871795,4.836129489695736,100
qAR,6-10 anni,21,390,19.994871794871795,4.836129489695736,103
qAR,6-10 anni,22,390,19.994871794871795,4.836129489695736,106
qAR,6-10 anni,23,390,19.994871794871795,4.836129489695736,109
qAR,6-10 anni,24,390,19.994871794871795,4.836129489695736,112
qAR,6-10 anni,25,390,19.994871794871795,4.836129489695736,116
qAR,6-10 anni,26,390,19.994871794871795,4.836129489695736,119
qAR,6-10 anni,27,390,19.994871794871795,4.836129489695736,122
qAR,6-10 anni,28,390,19.994871794871795,4.836129489695736,125
qAR,6-10 anni,29,390,19.994871794871795,4.836129489695736,128
qAR,6-10 anni,30,390,19.994871794871795,4.836129489695736,131
qAR,6-10 anni,31,390,19.994871794871795,4.836129489695736,134
qAR,6-10 anni,32,390,19.994871794871795,4.836129489695736,137
qAR,6-10 anni,33,390,19.994871794871795,4.836129489695736,140
qAR,6-10 anni,34,390,19.994871794871795,4.836129489695736,143
qAR,6-10 anni,35,390,19.994871794871795,4.836129489695736,147
qAR,6-10 anni,36,390,19.994871794871795,4.836129489695736,150
qAR,6-10 anni,37,390,19.994871794871795,4.836129489695736,153
qAR,6-10 anni,38,390,19.994871794871795,4.836129489695736,156
qAR,11-16 anni,2,644,20.080745341614907,4.715515115324666,42
qAR,11-16 anni,3,644,20.080745341614907,4.715515115324666,46
qAR,11-16 anni,4,644,20.080745341614907,4.715515115324666,49
qAR,11-16 anni,5,644,20.080745341614907,4.715515115324666,52
qAR,11-16 anni,6,644,20.080745341614907,4.715515115324666,55
qAR,11-16 anni,7,644,20.080745341614907,4.715515115324666,58
qAR,11-16 anni,8,644,20.080745341614907,4.715515115324666,62
qAR,11-16 anni,9,644,20.080745341614907,4.715515115324666,65
qAR,11-16 anni,10,644,20.080745341614907,4.715515115324666,68
qAR,11-16 anni,11,644,20.080745341614907,4.715515115324666,71
qAR,11-16 anni,12,644,20.080745341614907,4.715515115324666,74
qAR,11-16 anni,13,644,20.080745341614907,4.715515115324666,77
qAR,11-16 anni,14,644,20.080745341614907,4.715515115324666,81
qAR,11-16 anni,15,644,20.080745341614907,4.715515115324666,84
qAR,11-16 anni,16,644,20.080745341614907,4.715515115324666,87
qAR,11-16 anni,17,644,20.080745341614907,4.715515115324666,90
qAR,11-16 anni,18,644,20.080745341614907,4.715515115324666,93
qAR,11-16 anni,19,644,20.080745341614907,4.715515115324666,97
qAR,11-16 anni,20,644,20.080745341614907,4.715515115324666,100
qAR,11-16 anni,21,644,20.080745341614907,4.715515115324666,103
qAR,11-16 anni,22,644,20.080745341614907,4.715515115324666,106
qAR,11-16 anni,23,644,20.080745341614907,4.715515115324666,109
qAR,11-16 anni,24,644,20.080745341614907,4.715515115324666,112
qAR,11-16 anni,25,644,20.080745341614907,4.715515115324666,116
qAR,11-16 anni,26,644,20.080745341614907,4.715515115324666,119
qAR,11-16 anni,27,644,20.080745341614907,4.715515115324666,122
qAR,11-16 anni,28,644,20.080745341614907,4.715515115324666,125
qAR,11-16 anni,29,644,20.080745341614907,4.715515115324666,128
qAR,11-16 anni,30,644,20.080745341614907,4.715515115324666,132
qAR,11-16 anni,31,644,20.080745341614907,4.715515115324666,135
qAR,11-16 anni,32,644,20.080745341614907,4.715515115324666,138
qAR,11-16 anni,33,644,20.080745341614907,4.715515115324666,141
qAR,11-16 anni,34,644,20.080745341614907,4.715515115324666,144
qAR,11-16 anni,35,644,20.080745341614907,4.715515115324666,147
qAR,11-16 anni,36,644,20.080745341614907,4.715515115324666,151
qAR,11-16 anni,37,644,20.080745341614907,4.715515115324666,154
qAR,11-16 anni,38,644,20.080745341614907,4.715515115324666,157
qAR,17-22 anni,2,566,19.99469964664311,4.5910617467777035,41
qAR,17-22 anni,3,566,19.99469964664311,4.5910617467777035,44
qAR,17-22 anni,4,566,19.99469964664311,4.5910617467777035,48
qAR,17-22 anni,5,566,19.99469964664311,4.5910617467777035,51
qAR,17-22 anni,6,566,19.99469964664311,4.5910617467777035,54
qAR,17-22 anni,7,566,19.99469964664311,4.5910617467777035,58
qAR,17-22 anni,8,566,19.99469964664311,4.5910617467777035,61
qAR,17-22 anni,9,566,19.99469964664311,4.5910617467777035,64
qAR,17-22 anni,10,566,19.99469964664311,4.5910617467777035,67
qAR,17-22 anni,11,566,19.99469964664311,4.5910617467777035,71
qAR,17-22 anni,12,566,19.99469964664311,4.5910617467777035,74
qAR,17-22 anni,13,566,19.99469964664311,4.5910617467777035,77
qAR,17-22 anni,14,566,19.99469964664311,4.5910617467777035,80
qAR,17-22 anni,15,566,19.99469964664311,4.5910617467777035,84
qAR,17-22 anni,16,566,19.99469964664311,4.5910617467777035,87
qAR,17-22 anni,17,566,19.99469964664311,4.5910617467777035,90
qAR,17-22 anni,18,566,19.99469964664311,4.5910617467777035,93
qAR,17-22 anni,19,566,19.99469964664311,4.5910617467777035,97
qAR,17-22 anni,20,566,19.99469964664311,4.5910617467777035,100
qAR,17-22 anni,21,566,19.99469964664311,4.5910617467777035,103
qAR,17-22 anni,22,566,19.99469964664311,4.5910617467777035,107
qAR,17-22 anni,23,566,19.99469964664311,4.5910617467777035,110
qAR,17-22 anni,24,566,19.99469964664311,4.5910617467777035,113
qAR,17-22 anni,25,566,19.99469964664311,4.5910617467777035,116
qAR,17-22 anni,26,566,19.99469964664311,4.5910617467777035,120
qAR,17-22 anni,27,566,19.99469964664311,4.5910617467777035,123
qAR,17-22 anni,28,566,19.99469964664311,4.5910617467777035,126
qAR,17-22 anni,29,566,19.99469964664311,4.5910617467777035,129
qAR,17-22 anni,30,566,19.99469964664311,4.5910617467777035,133
qAR,17-22 anni,31,566,19.99469964664311,4.5910617467777035,136
qAR,17-22 anni,32,566,19.99469964664311,4.5910617467777035,139
qAR,17-22 anni,33,566,19.99469964664311,4.5910617467777035,142
qAR,17-22 anni,34,566,19.99469964664311,4.5910617467777035,146
qAR,17-22 anni,35,566,19.99469964664311,4.5910617467777035,149
qAR,17-22 anni,36,566,19.99469964664311,4.5910617467777035,152
qAR,17-22 anni,37,566,19.99469964664311,4.5910617467777035,156
qAR,17-22 anni,38,566,19.99469964664311,4.5910617467777035,159
QI_rapido,6-10 anni,4,390,39.93846153846154,9.00592822136269,40
QI_rapido,6-10 anni,5,390,39.93846153846154,9.00592822136269,42
QI_rapido,6-10 anni,6,390,39.93846153846154,9.00592822136269,43
QI_rapido,6-10 anni,7,390,39.93846153846154,9.00592822136269,45
QI_rapido,6-10 anni,8,390,39.93846153846154,9.00592822136269,47
QI_rapido,6-10 anni,9,390,39.93846153846154,9.00592822136269,48
QI_rapido,6-10 anni,10,390,39.93846153846154,9.00592822136269,50
QI_rapido,6-10 anni,11,390,39.93846153846154,9.00592822136269,52
QI_rapido,6-10 anni,12,390,39.93846153846154,9.00592822136269,53
QI_rapido,6-10 anni,13,390,39.93846153846154,9.00592822136269,55
QI_rapido,6-10 anni,14,390,39.93846153846154,9.00592822136269,57
QI_rapido,6-10 anni,15,390,39.93846153846154,9.00592822136269,58
QI_rapido,6-10 anni,16,390,39.93846153846154,9.00592822136269,60
QI_rapido,6-10 anni,17,390,39.93846153846154,9.00592822136269,62
QI_rapido,6-10 anni,18,390,39.93846153846154,9.00592822136269,63
QI_rapido,6-10 anni,19,390,39.93846153846154,9.00592822136269,65
QI_rapido,6-10 anni,20,390,39.93846153846154,9.00592822136269,67
QI_rapido,6-10 anni,21,390,39.93846153846154,9.00592822136269,68
QI_rapido,6-10 anni,22,390,39.93846153846154,9.00592822136269,70
QI_rapido,6-10 anni,23,390,39.93846153846154,9.00592822136269,72
QI_rapido,6-10 anni,24,390,39.93846153846154,9.00592822136269,73
QI_rapido,6-10 anni,25,390,39.93846153846154,9.00592822136269,75
QI_rapido,6-10 anni,26,390,39.93846153846154,9.00592822136269,77
QI_rapido,6-10 anni,27,390,39.93846153846154,9.00592822136269,78
QI_rapido,6-10 anni,28,390,39.93846153846154,9.00592822136269,80
QI_rapido,6-10 anni,29,390,39.93846153846154,9.00592822136269,82
QI_rapido,6-10 anni,30,390,39.93846153846154,9.00592822136269,83
QI_rapido,6-10 anni,31,390,39.93846153846154,9.00592822136269,85
QI_rapido,6-10 anni,32,390,39.93846153846154,9.00592822136269,87
QI_rapido,6-10 anni,33,390,39.93846153846154,9.00592822136269,88
QI_rapido,6-10 anni,34,390,39.93846153846154,9.00592822136269,90
QI_rapido,6-10 anni,35,390,39.93846153846154,9.00592822136269,92
QI_rapido,6-10 anni,36,390,39.93846153846154,9.00592822136269,93
QI_rapido,6-10 anni,37,390,39.93846153846154,9.00592822136269,95
QI_rapido,6-10 anni,38,390,39.93846153846154,9.00592822136269,97
QI_rapido,6-10 anni,39,390,39.93846153846154,9.00592822136269,98
QI_rapido,6-10 anni,40,390,39.93846153846154,9.00592822136269,100
QI_rapido,6-10 anni,41,390,39.93846153846154,9.00592822136269,102
QI_rapido,6-10 anni,42,390,39.93846153846154,9.00592822136269,103
QI_rapido,6-10 anni,43,390,39.93846153846154,9.00592822136269,105
QI_rapido,6-10 anni,44,390,39.93846153846154,9.00592822136269,107
QI_rapido,6-10 anni,45,390,39.93846153846154,9.00592822136269,108
QI_rapido,6-10 anni,46,390,39.93846153846154,9.00592822136269,110
QI_rapido,6-10 anni,47,390,39.93846153846154,9.00592822136269,112
QI_rapido,6-10 anni,48,390,39.93846153846154,9.00592822136269,113
QI_rapido,6-10 anni,49,390,39.93846153846154,9.00592822136269,115
QI_rapido,6-10 anni,50,390,39.93846153846154,9.00592822136269,117
QI_rapido,6-10 anni,51,390,39.93846153846154,9.00592822136269,118
QI_rapido,6-10 anni,52,390,39.93846153846154,9.00592822136269,120
QI_rapido,6-10 anni,53,390,39.93846153846154,9.00592822136269,122
QI_rapido,6-10 anni,54,390,39.93846153846154,9.00592822136269,123
QI_rapido,6-10 anni,55,390,39.93846153846154,9.00592822136269,125
QI_rapido,6-10 anni,56,390,39.93846153846154,9.00592822136269,127
QI_rapido,6-10 anni,57,390,39.93846153846154,9.00592822136269,128
QI_rapido,6-10 anni,58,390,39.93846153846154,9.00592822136269,130
QI_rapido,6-10 anni,59,390,39.93846153846154,9.00592822136269,132
QI_rapido,6-10 anni,60,390,39.93846153846154,9.00592822136269,133
QI_rapido,6-10 anni,61,390,39.93846153846154,9.00592822136269,135
QI_rapido,6-10 anni,62,390,39.93846153846154,9.00592822136269,137
QI_rapido,6-10 anni,63,390,39.93846153846154,9.00592822136269,138
QI_rapido,6-10 anni,64,390,39.93846153846154,9.00592822136269,140
QI_rapido,6-10 anni,65,390,39.93846153846154,9.00592822136269,142
QI_rapido,6-10 anni,66,390,39.93846153846154,9.00592822136269,143
QI_rapido,6-10 anni,67,390,39.93846153846154,9.00592822136269,145
QI_rapido,6-10 anni,68,390,39.93846153846154,9.00592822136269,147
QI_rapido,6-10 anni,69,390,39.93846153846154,9.00592822136269,148
QI_rapido,6-10 anni,70,390,39.93846153846154,9.00592822136269,150
QI_rapido,6-10 anni,71,390,39.93846153846154,9.00592822136269,152
QI_rapido,6-10 anni,72,390,39.93846153846154,9.00592822136269,153
QI_rapido,6-10 anni,73,390,39.93846153846154,9.00592822136269,155
QI_rapido,6-10 anni,74,390,39.93846153846154,9.00592822136269,157
QI_rapido,6-10 anni,75,390,39.93846153846154,9.00592822136269,158
QI_rapido,6-10 anni,76,390,39.93846153846154,9.00592822136269,160
QI_rapido,11-16 anni,4,644,40,8.981231510217539,40
QI_rapido,11-16 anni,5,644,40,8.981231510217539,42
QI_rapido,11-16 anni,6,644,40,8.981231510217539,43
QI_rapido,11-16 anni,7,644,40,8.981231510217539,45
QI_rapido,11-16 anni,8,644,40,8.981231510217539,47
QI_rapido,11-16 anni,9,644,40,8.981231510217539,48
QI_rapido,11-16 anni,10,644,40,8.981231510217539,50
QI_rapido,11-16 anni,11,644,40,8.981231510217539,52
QI_rapido,11-16 anni,12,644,40,8.981231510217539,53
QI_rapido,11-16 anni,13,644,40,8.981231510217539,55
QI_rapido,11-16 anni,14,644,40,8.981231510217539,57
QI_rapido,11-16 anni,15,644,40,8.981231510217539,58
QI_rapido,11-16 anni,16,644,40,8.981231510217539,60
QI_rapido,11-16 anni,17,644,40,8.981231510217539,62
QI_rapido,11-16 anni,18,644,40,8.981231510217539,63
QI_rapido,11-16 anni,19,644,40,8.981231510217539,65
QI_rapido,11-16 anni,20,644,40,8.981231510217539,67
QI_rapido,11-16 anni,21,644,40,8.981231510217539,68
QI_rapido,11-16 anni,22,644,40,8.981231510217539,70
QI_rapido,11-16 anni,23,644,40,8.981231510217539,72
QI_rapido,11-16 anni,24,644,40,8.981231510217539,73
QI_rapido,11-16 anni,25,644,40,8.981231510217539,75
QI_rapido,11-16 anni,26,644,40,8.981231510217539,77
QI_rapido,11-16 anni,27,644,40,8.981231510217539,78
QI_rapido,11-16 anni,28,644,40,8.981231510217539,80
QI_rapido,11-16 anni,29,644,40,8.981231510217539,82
QI_rapido,11-16 anni,30,644,40,8.981231510217539,83
QI_rapido,11-16 anni,31,644,40,8.981231510217539,85
QI_rapido,11-16 anni,32,644,40,8.981231510217539,87
QI_rapido,11-16 anni,33,644,40,8.981231510217539,88
QI_rapido,11-16 anni,34,644,40,8.981231510217539,90
QI_rapido,11-16 anni,35,644,40,8.981231510217539,92
QI_rapido,11-16 anni,36,644,40,8.981231510217539,93
QI_rapido,11-16 anni,37,644,40,8.981231510217539,95
QI_rapido,11-16 anni,38,644,40,8.981231510217539,97
QI_rapido,11-16 anni,39,644,40,8.981231510217539,98
QI_rapido,11-16 anni,40,644,40,8.981231510217539,100
QI_rapido,11-16 anni,41,644,40,8.981231510217539,102
QI_rapido,11-16 anni,42,644,40,8.981231510217539,103
QI_rapido,11-16 anni,43,644,40,8.981231510217539,105
QI_rapido,11-16 anni,44,644,40,8.981231510217539,107
QI_rapido,11-16 anni,45,644,40,8.981231510217539,108
QI_rapido,11-16 anni,46,644,40,8.981231510217539,110
QI_rapido,11-16 anni,47,644,40,8.981231510217539,112
QI_rapido,11-16 anni,48,644,40,8.981231510217539,113
QI_rapido,11-16 anni,49,644,40,8.981231510217539,115
QI_rapido,11-16 anni,50,644,40,8.981231510217539,117
QI_rapido,11-16 anni,51,644,40,8.981231510217539,118
QI_rapido,11-16 anni,52,644,40,8.981231510217539,120
QI_rapido,11-16 anni,53,644,40,8.981231510217539,122
QI_rapido,11-16 anni,54,644,40,8.981231510217539,123
QI_rapido,11-16 anni,55,644,40,8.981231510217539,125
QI_rapido,11-16 anni,56,644,40,8.981231510217539,127
QI_rapido,11-16 anni,57,644,40,8.981231510217539,128
QI_rapido,11-16 anni,58,644,40,8.981231510217539,130
QI_rapido,11-16 anni,59,644,40,8.981231510217539,132
QI_rapido,11-16 anni,60,644,40,8.981231510217539,133
QI_rapido,11-16 anni,61,644,40,8.981231510217539,135
QI_rapido,11-16 anni,62,644,40,8.981231510217539,137
QI_rapido,11-16 anni,63,644,40,8.981231510217539,138
QI_rapido,11-16 anni,64,644,40,8.981231510217539,140
QI_rapido,11-16 anni,65,644,40,8.981231510217539,142
QI_rapido,11-16 anni,66,644,40,8.981231510217539,143
QI_rapido,11-16 anni,67,644,40,8.981231510217539,145
QI_rapido,11-16 anni,68,644,40,8.981231510217539,147
QI_rapido,11-16 anni,69,644,40,8.981231510217539,148
QI_rapido,11-16 anni,70,644,40,8.981231510217539,150
QI_rapido,11-16 anni,71,644,40,8.981231510217539,152
QI_rapido,11-16 anni,72,644,40,8.981231510217539,153
QI_rapido,11-16 anni,73,644,40,8.981231510217539,155
QI_rapido,11-16 anni,74,644,40,8.981231510217539,157
QI_rapido,11-16 anni,75,644,40,8.981231510217539,158
QI_rapido,11-16 anni,76,644,40,8.981231510217539,160
QI_rapido,17-22 anni,4,566,40.109540636042404,8.44400698412213,40
QI_rapido,17-22 anni,5,566,40.109540636042404,8.44400698412213,40
QI_rapido,17-22 anni,6,566,40.109540636042404,8.44400698412213,40
QI_rapido,17-22 anni,7,566,40.109540636042404,8.44400698412213,41
QI_rapido,17-22 anni,8,566,40.109540636042404,8.44400698412213,43
QI_rapido,17-22 anni,9,566,40.109540636042404,8.44400698412213,45
QI_rapido,17-22 anni,10,566,40.109540636042404,8.44400698412213,47
QI_rapido,17-22 anni,11,566,40.109540636042404,8.44400698412213,48
QI_rapido,17-22 anni,12,566,40.109540636042404,8.44400698412213,50
QI_rapido,17-22 anni,13,566,40.109540636042404,8.44400698412213,52
QI_rapido,17-22 anni,14,566,40.109540636042404,8.44400698412213,54
QI_rapido,17-22 anni,15,566,40.109540636042404,8.44400698412213,55
QI_rapido,17-22 anni,16,566,40.109540636042404,8.44400698412213,57
QI_rapido,17-22 anni,17,566,40.109540636042404,8.44400698412213,59
QI_rapido,17-22 anni,18,566,40.109540636042404,8.44400698412213,61
QI_rapido,17-22 anni,19,566,40.109540636042404,8.44400698412213,63
QI_rapido,17-22 anni,20,566,40.109540636042404,8.44400698412213,64
QI_rapido,17-22 anni,21,566,40.109540636042404,8.44400698412213,66
QI_rapido,17-22 anni,22,566,40.109540636042404,8.44400698412213,68
QI_rapido,17-22 anni,23,566,40.109540636042404,8.44400698412213,70
QI_rapido,17-22 anni,24,566,40.109540636042404,8.44400698412213,71
QI_rapido,17-22 anni,25,566,40.109540636042404,8.44400698412213,73
QI_rapido,17-22 anni,26,566,40.109540636042404,8.44400698412213,75
QI_rapido,17-22 anni,27,566,40.109540636042404,8.44400698412213,77
QI_rapido,17-22 anni,28,566,40.109540636042404,8.44400698412213,78
QI_rapido,17-22 anni,29,566,40.109540636042404,8.44400698412213,80
QI_rapido,17-22 anni,30,566,40.109540636042404,8.44400698412213,82
QI_rapido,17-22 anni,31,566,40.109540636042404,8.44400698412213,84
QI_rapido,17-22 anni,32,566,40.109540636042404,8.44400698412213,86
QI_rapido,17-22 anni,33,566,40.109540636042404,8.44400698412213,87
QI_rapido,17-22 anni,34,566,40.109540636042404,8.44400698412213,89
QI_rapido,17-22 anni,35,566,40.109540636042404,8.44400698412213,91
QI_rapido,17-22 anni,36,566,40.109540636042404,8.44400698412213,93
QI_rapido,17-22 anni,37,566,40.109540636042404,8.44400698412213,94
QI_rapido,17-22 anni,38,566,40.109540636042404,8.44400698412213,96
QI_rapido,17-22 anni,39,566,40.109540636042404,8.44400698412213,98
QI_rapido,17-22 anni,40,566,40.109540636042404,8.44400698412213,100
QI_rapido,17-22 anni,41,566,40.109540636042404,8.44400698412213,102
QI_rapido,17-22 anni,42,566,40.109540636042404,8.44400698412213,103
QI_rapido,17-22 anni,43,566,40.109540636042404,8.44400698412213,105
QI_rapido,17-22 anni,44,566,40.109540636042404,8.44400698412213,107
QI_rapido,17-22 anni,45,566,40.109540636042404,8.44400698412213,109
QI_rapido,17-22 anni,46,566,40.109540636042404,8.44400698412213,110
QI_rapido,17-22 anni,47,566,40.109540636042404,8.44400698412213,112
QI_rapido,17-22 anni,48,566,40.109540636042404,8.44400698412213,114
QI_rapido,17-22 anni,49,566,40.109540636042404,8.44400698412213,116
QI_rapido,17-22 anni,50,566,40.109540636042404,8.44400698412213,118
QI_rapido,17-22 anni,51,566,40.109540636042404,8.44400698412213,119
QI_rapido,17-22 anni,52,566,40.109540636042404,8.44400698412213,121
QI_rapido,17-22 anni,53,566,40.109540636042404,8.44400698412213,123
QI_rapido,17-22 anni,54,566,40.109540636042404,8.44400698412213,125
QI_rapido,17-22 anni,55,566,40.109540636042404,8.44400698412213,126
QI_rapido,17-22 anni,56,566,40.109540636042404,8.44400698412213,128
QI_rapido,17-22 anni,57,566,40.109540636042404,8.44400698412213,130
QI_rapido,17-22 anni,58,566,40.109540636042404,8.44400698412213,132
QI_rapido,17-22 anni,59,566,40.109540636042404,8.44400698412213,134
QI_rapido,17-22 anni,60,566,40.109540636042404,8.44400698412213,135
QI_rapido,17-22 anni,61,566,40.109540636042404,8.44400698412213,137
QI_rapido,17-22 anni,62,566,40.109540636042404,8.44400698412213,139
QI_rapido,17-22 anni,63,566,40.109540636042404,8.44400698412213,141
QI_rapido,17-22 anni,64,566,40.109540636042404,8.44400698412213,142
QI_rapido,17-22 anni,65,566,40.109540636042404,8.44400698412213,144
QI_rapido,17-22 anni,66,566,40.109540636042404,8.44400698412213,146
QI_rapido,17-22 anni,67,566,40.109540636042404,8.44400698412213,148
QI_rapido,17-22 anni,68,566,40.109540636042404,8.44400698412213,150
QI_rapido,17-22 anni,69,566,40.109540636042404,8.44400698412213,151
QI_rapido,17-22 anni,70,566,40.109540636042404,8.44400698412213,153
QI_rapido,17-22 anni,71,566,40.109540636042404,8.44400698412213,155
QI_rapido,17-22 anni,72,566,40.109540636042404,8.44400698412213,157
QI_rapido,17-22 anni,73,566,40.109540636042404,8.44400698412213,158
QI_rapido,17-22 anni,74,566,40.109540636042404,8.44400698412213,160
QI_rapido,17-22 anni,75,566,40.109540636042404,8.44400698412213,160
QI_rapido,17-22 anni,76,566,40.109540636042404,8.44400698412213,160
QI_totale,6-10 anni,9,390,89.98974358974358,18.07439346597491,40
QI_totale,6-10 anni,10,390,89.98974358974358,18.07439346597491,40
QI_totale,6-10 anni,11,390,89.98974358974358,18.07439346597491,40
QI_totale,6-10 anni,12,390,89.98974358974358,18.07439346597491,40
QI_totale,6-10 anni,13,390,89.98974358974358,18.07439346597491,40
QI_totale,6-10 anni,14,390,89.98974358974358,18.07439346597491,40
QI_totale,6-10 anni,15,390,89.98974358974358,18.07439346597491,40
QI_totale,6-10 anni,16,390,89.98974358974358,18.07439346597491,40
QI_totale,6-10 anni,17,390,89.98974358974358,18.07439346597491,40
QI_totale,6-10 anni,18,390,89.98974358974358,18.07439346597491,40
QI_totale,6-10 anni,19,390,89.98974358974358,18.07439346597491,41
QI_totale,6-10 anni,20,390,89.98974358974358,18.07439346597491,42
QI_totale,6-10 anni,21,390,89.98974358974358,18.07439346597491,43
QI_totale,6-10 anni,22,390,89.98974358974358,18.07439346597491,44
QI_totale,6-10 anni,23,390,89.98974358974358,18.07439346597491,44
QI_totale,6-10 anni,24,390,89.98974358974358,18.07439346597491,45
QI_totale,6-10 anni,25,390,89.98974358974358,18.07439346597491,46
QI_totale,6-10 anni,26,390,89.98974358974358,18.07439346597491,47
QI_totale,6-10 anni,27,390,89.98974358974358,18.07439346597491,48
QI_totale,6-10 anni,28,390,89.98974358974358,18.07439346597491,49
QI_totale,6-10 anni,29,390,89.98974358974358,18.07439346597491,49
QI_totale,6-10 anni,30,390,89.98974358974358,18.07439346597491,50
QI_totale,6-10 anni,31,390,89.98974358974358,18.07439346597491,51
QI_totale,6-10 anni,32,390,89.98974358974358,18.07439346597491,52
QI_totale,6-10 anni,33,390,89.98974358974358,18.07439346597491,53
QI_totale,6-10 anni,34,390,89.98974358974358,18.07439346597491,54
QI_totale,6-10 anni,35,390,89.98974358974358,18.07439346597491,54
QI_totale,6-10 anni,36,390,89.98974358974358,18.07439346597491,55
QI_totale,6-10 anni,37,390,89.98974358974358,18.07439346597491,56
QI_totale,6-10 anni,38,390,89.98974358974358,18.07439346597491,57
QI_totale,6-10 anni,39,390,89.98974358974358,18.07439346597491,58
QI_totale,6-10 anni,40,390,89.98974358974358,18.07439346597491,59
QI_totale,6-10 anni,41,390,89.98974358974358,18.07439346597491,59
QI_totale,6-10 anni,42,390,89.98974358974358,18.07439346597491,60
QI_totale,6-10 anni,43,390,89.98974358974358,18.07439346597491,61
QI_totale,6-10 anni,44,390,89.98974358974358,18.07439346597491,62
QI_totale,6-10 anni,45,390,89.98974358974358,18.07439346597491,63
QI_totale,6-10 anni,46,390,89.98974358974358,18.07439346597491,63
QI_totale,6-10 anni,47,390,89.98974358974358,18.07439346597491,64
QI_totale,6-10 anni,48,390,89.98974358974358,18.07439346597491,65
QI_totale,6-10 anni,49,390,89.98974358974358,18.07439346597491,66
QI_totale,6-10 anni,50,390,89.98974358974358,18.07439346597491,67
QI_totale,6-10 anni,51,390,89.98974358974358,18.07439346597491,68
QI_totale,6-10 anni,52,390,89.98974358974358,18.07439346597491,68
QI_totale,6-10 anni,53,390,89.98974358974358,18.07439346597491,69
QI_totale,6-10 anni,54,390,89.98974358974358,18.07439346597491,70
QI_totale,6-10 anni,55,390,89.98974358974358,18.07439346597491,71
QI_totale,6-10 anni,56,390,89.98974358974358,18.07439346597491,72
QI_totale,6-10 anni,57,390,89.98974358974358,18.07439346597491,73
QI_totale,6-10 anni,58,390,89.98974358974358,18.07439346597491,73
QI_totale,6-10 anni,59,390,89.98974358974358,18.07439346597491,74
QI_totale,6-10 anni,60,390,89.98974358974358,18.07439346597491,75
QI_totale,6-10 anni,61,390,89.98974358974358,18.07439346597491,76
QI_totale,6-10 anni,62,390,89.98974358974358,18.07439346597491,77
QI_totale,6-10 anni,63,390,89.98974358974358,18.07439346597491,78
QI_totale,6-10 anni,64,390,89.98974358974358,18.07439346597491,78
QI_totale,6-10 anni,65,390,89.98974358974358,18.07439346597491,79
QI_totale,6-10 anni,66,390,89.98974358974358,18.07439346597491,80
QI_totale,6-10 anni,67,390,89.98974358974358,18.07439346597491,81
QI_totale,6-10 anni,68,390,89.98974358974358,18.07439346597491,82
QI_totale,6-10 anni,69,390,89.98974358974358,18.07439346597491,83
QI_totale,6-10 anni,70,390,89.98974358974358,18.07439346597491,83
QI_totale,6-10 anni,71,390,89.98974358974358,18.07439346597491,84
QI_totale,6-10 anni,72,390,89.98974358974358,18.07439346597491,85
QI_totale,6-10 anni,73,390,89.98974358974358,18.07439346597491,86
QI_totale,6-10 anni,74,390,89.98974358974358,18.07439346597491,87
QI_totale,6-10 anni,75,390,89.98974358974358,18.07439346597491,88
QI_totale,6-10 anni,76,390,89.98974358974358,18.07439346597491,88
QI_totale,6-10 anni,77,390,89.98974358974358,18.07439346597491,89
QI_totale,6-10 anni,78,390,89.98974358974358,18.07439346597491,90
QI_totale,6-10 anni,79,390,89.98974358974358,18.07439346597491,91
QI_totale,6-10 anni,80,390,89.98974358974358,18.07439346597491,92
QI_totale,6-10 anni,81,390,89.98974358974358,18.07439346597491,93
QI_totale,6-10 anni,82,390,89.98974358974358,18.07439346597491,93
QI_totale,6-10 anni,83,390,89.98974358974358,18.07439346597491,94
QI_totale,6-10 anni,84,390,89.98974358974358,18.07439346597491,95
QI_totale,6-10 anni,85,390,89.98974358974358,18.07439346597491,96
QI_totale,6-10 anni,86,390,89.98974358974358,18.07439346597491,97
QI_totale,6-10 anni,87,390,89.98974358974358,18.07439346597491,98
QI_totale,6-10 anni,88,390,89.98974358974358,18.07439346597491,98
QI_totale,6-10 anni,89,390,89.98974358974358,18.07439346597491,99
QI_totale,6-10 anni,90,390,89.98974358974358,18.07439346597491,100
QI_totale,6-10 anni,91,390,89.98974358974358,18.07439346597491,101
QI_totale,6-10 anni,92,390,89.98974358974358,18.07439346597491,102
QI_totale,6-10 anni,93,390,89.98974358974358,18.07439346597491,102
QI_totale,6-10 anni,94,390,89.98974358974358,18.07439346597491,103
QI_totale,6-10 anni,95,390,89.98974358974358,18.07439346597491,104
QI_totale,6-10 anni,96,390,89.98974358974358,18.07439346597491,105
QI_totale,6-10 anni,97,390,89.98974358974358,18.07439346597491,106
QI_totale,6-10 anni,98,390,89.98974358974358,18.07439346597491,107
QI_totale,6-10 anni,99,390,89.98974358974358,18.07439346597491,107
QI_totale,6-10 anni,100,390,89.98974358974358,18.07439346597491,108
QI_totale,6-10 anni,101,390,89.98974358974358,18.07439346597491,109
QI_totale,6-10 anni,102,390,89.98974358974358,18.07439346597491,110
QI_totale,6-10 anni,103,390,89.98974358974358,18.07439346597491,111
QI_totale,6-10 anni,104,390,89.98974358974358,18.07439346597491,112
QI_totale,6-10 anni,105,390,89.98974358974358,18.07439346597491,112
QI_totale,6-10 anni,106,390,89.98974358974358,18.07439346597491,113
QI_totale,6-10 anni,107,390,89.98974358974358,18.07439346597491,114
QI_totale,6-10 anni,108,390,89.98974358974358,18.07439346597491,115
QI_totale,6-10 anni,109,390,89.98974358974358,18.07439346597491,116
QI_totale,6-10 anni,110,390,89.98974358974358,18.07439346597491,117
QI_totale,6-10 anni,111,390,89.98974358974358,18.07439346597491,117
QI_totale,6-10 anni,112,390,89.98974358974358,18.07439346597491,118
QI_totale,6-10 anni,113,390,89.98974358974358,18.07439346597491,119
QI_totale,6-10 anni,114,390,89.98974358974358,18.07439346597491,120
QI_totale,6-10 anni,115,390,89.98974358974358,18.07439346597491,121
QI_totale,6-10 anni,116,390,89.98974358974358,18.07439346597491,122
QI_totale,6-10 anni,117,390,89.98974358974358,18.07439346597491,122
QI_totale,6-10 anni,118,390,89.98974358974358,18.07439346597491,123
QI_totale,6-10 anni,119,390,89.98974358974358,18.07439346597491,124
QI_totale,6-10 anni,120,390,89.98974358974358,18.07439346597491,125
QI_totale,6-10 anni,121,390,89.98974358974358,18.07439346597491,126
QI_totale,6-10 anni,122,390,89.98974358974358,18.07439346597491,127
QI_totale,6-10 anni,123,390,89.98974358974358,18.07439346597491,127
QI_totale,6-10 anni,124,390,89.98974358974358,18.07439346597491,128
QI_totale,6-10 anni,125,390,89.98974358974358,18.07439346597491,129
QI_totale,6-10 anni,126,390,89.98974358974358,18.07439346597491,130
QI_totale,6-10 anni,127,390,89.98974358974358,18.07439346597491,131
QI_totale,6-10 anni,128,390,89.98974358974358,18.07439346597491,132
QI_totale,6-10 anni,129,390,89.98974358974358,18.07439346597491,132
QI_totale,6-10 anni,130,390,89.98974358974358,18.07439346597491,133
QI_totale,6-10 anni,131,390,89.98974358974358,18.07439346597491,134
QI_totale,6-10 anni,132,390,89.98974358974358,18.07439346597491,135
QI_totale,6-10 anni,133,390,89.98974358974358,18.07439346597491,136
QI_totale,6-10 anni,134,390,89.98974358974358,18.07439346597491,137
QI_totale,6-10 anni,135,390,89.98974358974358,18.07439346597491,137
QI_totale,6-10 anni,136,390,89.98974358974358,18.07439346597491,138
QI_totale,6-10 anni,137,390,89.98974358974358,18.07439346597491,139
QI_totale,6-10 anni,138,390,89.98974358974358,18.07439346597491,140
QI_totale,6-10 anni,139,390,89.98974358974358,18.07439346597491,141
QI_totale,6-10 anni,140,390,89.98974358974358,18.07439346597491,142
QI_totale,6-10 anni,141,390,89.98974358974358,18.07439346597491,142
QI_totale,6-10 anni,142,390,89.98974358974358,18.07439346597491,143
QI_totale,6-10 anni,143,390,89.98974358974358,18.07439346597491,144
QI_totale,6-10 anni,144,390,89.98974358974358,18.07439346597491,145
QI_totale,6-10 anni,145,390,89.98974358974358,18.07439346597491,146
QI_totale,6-10 anni,146,390,89.98974358974358,18.07439346597491,146
QI_totale,6-10 anni,147,390,89.98974358974358,18.07439346597491,147
QI_totale,6-10 anni,148,390,89.98974358974358,18.07439346597491,148
QI_totale,6-10 anni,149,390,89.98974358974358,18.07439346597491,149
QI_totale,6-10 anni,150,390,89.98974358974358,18.07439346597491,150
QI_totale,6-10 anni,151,390,89.98974358974358,18.07439346597491,151
QI_totale,6-10 anni,152,390,89.98974358974358,18.07439346597491,151
QI_totale,6-10 anni,153,390,89.98974358974358,18.07439346597491,152
QI_totale,6-10 anni,154,390,89.98974358974358,18.07439346597491,153
QI_totale,6-10 anni,155,390,89.98974358974358,18.07439346597491,154
QI_totale,6-10 anni,156,390,89.98974358974358,18.07439346597491,155
QI_totale,6-10 anni,157,390,89.98974358974358,18.07439346597491,156
QI_totale,6-10 anni,158,390,89.98974358974358,18.07439346597491,156
QI_totale,6-10 anni,159,390,89.98974358974358,18.07439346597491,157
QI_totale,6-10 anni,160,390,89.98974358974358,18.07439346597491,158
QI_totale,6-10 anni,161,390,89.98974358974358,18.07439346597491,159
QI_totale,6-10 anni,162,390,89.98974358974358,18.07439346597491,160
QI_totale,6-10 anni,163,390,89.98974358974358,18.07439346597491,160
QI_totale,6-10 anni,164,390,89.98974358974358,18.07439346597491,160
QI_totale,6-10 anni,165,390,89.98974358974358,18.07439346597491,160
QI_totale,6-10 anni,166,390,89.98974358974358,18.07439346597491,160
QI_totale,6-10 anni,167,390,89.98974358974358,18.07439346597491,160
QI_totale,6-10 anni,168,390,89.98974358974358,18.07439346597491,160
QI_totale,6-10 anni,169,390,89.98974358974358,18.07439346597491,160
QI_totale,6-10 anni,170,390,89.98974358974358,18.07439346597491,160
QI_totale,6-10 anni,171,390,89.98974358974358,18.07439346597491,160
QI_totale,11-16 anni,9,644,90.11490683229813,17.51806429999268,40
QI_totale,11-16 anni,10,644,90.11490683229813,17.51806429999268,40
QI_totale,11-16 anni,11,644,90.11490683229813,17.51806429999268,40
QI_totale,11-16 anni,12,644,90.11490683229813,17.51806429999268,40
QI_totale,11-16 anni,13,644,90.11490683229813,17.51806429999268,40
QI_totale,11-16 anni,14,644,90.11490683229813,17.51806429999268,40
QI_totale,11-16 anni,15,644,90.11490683229813,17.51806429999268,40
QI_totale,11-16 anni,16,644,90.11490683229813,17.51806429999268,40
QI_totale,11-16 anni,17,644,90.11490683229813,17.51806429999268,40
QI_totale,11-16 anni,18,644,90.11490683229813,17.51806429999268,40
QI_totale,11-16 anni,19,644,90.11490683229813,17.51806429999268,40
QI_totale,11-16 anni,20,644,90.11490683229813,17.51806429999268,40
QI_totale,11-16 anni,21,644,90.11490683229813,17.51806429999268,41
QI_totale,11-16 anni,22,644,90.11490683229813,17.51806429999268,42
QI_totale,11-16 anni,23,644,90.11490683229813,17.51806429999268,43
QI_totale,11-16 anni,24,644,90.11490683229813,17.51806429999268,43
QI_totale,11-16 anni,25,644,90.11490683229813,17.51806429999268,44
QI_totale,11-16 anni,26,644,90.11490683229813,17.51806429999268,45
QI_totale,11-16 anni,27,644,90.11490683229813,17.51806429999268,46
QI_totale,11-16 anni,28,644,90.11490683229813,17.51806429999268,47
QI_totale,11-16 anni,29,644,90.11490683229813,17.51806429999268,48
QI_totale,11-16 anni,30,644,90.11490683229813,17.51806429999268,49
QI_totale,11-16 anni,31,644,90.11490683229813,17.51806429999268,49
QI_totale,11-16 anni,32,644,90.11490683229813,17.51806429999268,50
QI_totale,11-16 anni,33,644,90.11490683229813,17.51806429999268,51
QI_totale,11-16 anni,34,644,90.11490683229813,17.51806429999268,52
QI_totale,11-16 anni,35,644,90.11490683229813,17.51806429999268,53
QI_totale,11-16 anni,36,644,90.11490683229813,17.51806429999268,54
QI_totale,11-16 anni,37,644,90.11490683229813,17.51806429999268,55
QI_totale,11-16 anni,38,644,90.11490683229813,17.51806429999268,55
QI_totale,11-16 anni,39,644,90.11490683229813,17.51806429999268,56
QI_totale,11-16 anni,40,644,90.11490683229813,17.51806429999268,57
QI_totale,11-16 anni,41,644,90.11490683229813,17.51806429999268,58
QI_totale,11-16 anni,42,644,90.11490683229813,17.51806429999268,59
QI_totale,11-16 anni,43,644,90.11490683229813,17.51806429999268,60
QI_totale,11-16 anni,44,644,90.11490683229813,17.51806429999268,61
QI_totale,11-16 anni,45,644,90.11490683229813,17.51806429999268,61
QI_totale,11-16 anni,46,644,90.11490683229813,17.51806429999268,62
QI_totale,11-16 anni,47,644,90.11490683229813,17.51806429999268,63
QI_totale,11-16 anni,48,644,90.11490683229813,17.51806429999268,64
QI_totale,11-16 anni,49,644,90.11490683229813,17.51806429999268,65
QI_totale,11-16 anni,50,644,90.11490683229813,17.51806429999268,66
QI_totale,11-16 anni,51,644,90.11490683229813,17.51806429999268,67
QI_totale,11-16 anni,52,644,90.11490683229813,17.51806429999268,67
QI_totale,11-16 anni,53,644,90.11490683229813,17.51806429999268,68
QI_totale,11-16 anni,54,644,90.11490683229813,17.51806429999268,69
QI_totale,11-16 anni,55,644,90.11490683229813,17.51806429999268,70
QI_totale,11-16 anni,56,644,90.11490683229813,17.51806429999268,71
QI_totale,11-16 anni,57,644,90.11490683229813,17.51806429999268,72
QI_totale,11-16 anni,58,644,90.11490683229813,17.51806429999268,73
QI_totale,11-16 anni,59,644,90.11490683229813,17.51806429999268,73
QI_totale,11-16 anni,60,644,90.11490683229813,17.51806429999268,74
QI_totale,11-16 anni,61,644,90.11490683229813,17.51806429999268,75
QI_totale,11-16 anni,62,644,90.11490683229813,17.51806429999268,76
QI_totale,11-16 anni,63,644,90.11490683229813,17.51806429999268,77
QI_totale,11-16 anni,64,644,90.11490683229813,17.51806429999268,78
QI_totale,11-16 anni,65,644,90.11490683229813,17.51806429999268,78
QI_totale,11-16 anni,66,644,90.11490683229813,17.51806429999268,79
QI_totale,11-16 anni,67,644,90.11490683229813,17.51806429999268,80
QI_totale,11-16 anni,68,644,90.11490683229813,17.51806429999268,81
QI_totale,11-16 anni,69,644,90.11490683229813,17.51806429999268,82
QI_totale,11-16 anni,70,644,90.11490683229813,17.51806429999268,83
QI_totale,11-16 anni,71,644,90.11490683229813,17.51806429999268,84
QI_totale,11-16 anni,72,644,90.11490683229813,17.51806429999268,84
QI_totale,11-16 anni,73,644,90.11490683229813,17.51806429999268,85
QI_totale,11-16 anni,74,644,90.11490683229813,17.51806429999268,86
QI_totale,11-16 anni,75,644,90.11490683229813,17.51806429999268,87
QI_totale,11-16 anni,76,644,90.11490683229813,17.51806429999268,88
QI_totale,11-16 anni,77,644,90.11490683229813,17.51806429999268,89
QI_totale,11-16 anni,78,644,90.11490683229813,17.51806429999268,90
QI_totale,11-16 anni,79,644,90.11490683229813,17.51806429999268,90
QI_totale,11-16 anni,80,644,90.11490683229813,17.51806429999268,91
QI_totale,11-16 anni,81,644,90.11490683229813,17.51806429999268,92
QI_totale,11-16 anni,82,644,90.11490683229813,17.51806429999268,93
QI_totale,11-16 anni,83,644,90.11490683229813,17.51806429999268,94
QI_totale,11-16 anni,84,644,90.11490683229813,17.51806429999268,95
QI_totale,11-16 anni,85,644,90.11490683229813,17.51806429999268,96
QI_totale,11-16 anni,86,644,90.11490683229813,17.51806429999268,96
QI_totale,11-16 anni,87,644,90.11490683229813,17.51806429999268,97
QI_totale,11-16 anni,88,644,90.11490683229813,17.51806429999268,98
QI_totale,11-16 anni,89,644,90.11490683229813,17.51806429999268,99
QI_totale,11-16 anni,90,644,90.11490683229813,17.51806429999268,100
QI_totale,11-16 anni,91,644,90.11490683229813,17.51806429999268,101
QI_totale,11-16 anni,92,644,90.11490683229813,17.51806429999268,102
QI_totale,11-16 anni,93,644,90.11490683229813,17.51806429999268,102
QI_totale,11-16 anni,94,644,90.11490683229813,17.51806429999268,103
QI_totale,11-16 anni,95,644,90.11490683229813,17.51806429999268,104
QI_totale,11-16 anni,96,644,90.11490683229813,17.51806429999268,105
QI_totale,11-16 anni,97,644,90.11490683229813,17.51806429999268,106
QI_totale,11-16 anni,98,644,90.11490683229813,17.51806429999268,107
QI_totale,11-16 anni,99,644,90.11490683229813,17.51806429999268,108
QI_totale,11-16 anni,100,644,90.11490683229813,17.51806429999268,108
QI_totale,11-16 anni,101,644,90.11490683229813,17.51806429999268,109
QI_totale,11-16 anni,102,644,90.11490683229813,17.51806429999268,110
QI_totale,11-16 anni,103,644,90.11490683229813,17.51806429999268,111
QI_totale,11-16 anni,104,644,90.11490683229813,17.51806429999268,112
QI_totale,11-16 anni,105,644,90.11490683229813,17.51806429999268,113
QI_totale,11-16 anni,106,644,90.11490683229813,17.51806429999268,114
QI_totale,11-16 anni,107,644,90.11490683229813,17.51806429999268,114
QI_totale,11-16 anni,108,644,90.11490683229813,17.51806429999268,115
QI_totale,11-16 anni,109,644,90.11490683229813,17.51806429999268,116
QI_totale,11-16 anni,110,644,90.11490683229813,17.51806429999268,117
QI_totale,11-16 anni,111,644,90.11490683229813,17.51806429999268,118
QI_totale,11-16 anni,112,644,90.11490683229813,17.51806429999268,119
QI_totale,11-16 anni,113,644,90.11490683229813,17.51806429999268,120
QI_totale,11-16 anni,114,644,90.11490683229813,17.51806429999268,120
QI_totale,11-16 anni,115,644,90.11490683229813,17.51806429999268,121
QI_totale,11-16 anni,116,644,90.11490683229813,17.51806429999268,122
QI_totale,11-16 anni,117,644,90.11490683229813,17.51806429999268,123
QI_totale,11-16 anni,118,644,90.11490683229813,17.51806429999268,124
QI_totale,11-16 anni,119,644,90.11490683229813,17.51806429999268,125
QI_totale,11-16 anni,120,644,90.11490683229813,17.51806429999268,126
QI_totale,11-16 anni,121,644,90.11490683229813,17.51806429999268,126
QI_totale,11-16 anni,122,644,90.11490683229813,17.51806429999268,127
QI_totale,11-16 anni,123,644,90.11490683229813,17.51806429999268,128
QI_totale,11-16 anni,124,644,90.11490683229813,17.51806429999268,129
QI_totale,11-16 anni,125,644,90.11490683229813,17.51806429999268,130
QI_totale,11-16 anni,126,644,90.11490683229813,17.51806429999268,131
QI_totale,11-16 anni,127,644,90.11490683229813,17.51806429999268,132
QI_totale,11-16 anni,128,644,90.11490683229813,17.51806429999268,132
QI_totale,11-16 anni,129,644,90.11490683229813,17.51806429999268,133
QI_totale,11-16 anni,130,644,90.11490683229813,17.51806429999268,134
QI_totale,11-16 anni,131,644,90.11490683229813,17.51806429999268,135
QI_totale,11-16 anni,132,644,90.11490683229813,17.51806429999268,136
QI_totale,11-16 anni,133,644,90.11490683229813,17.51806429999268,137
QI_totale,11-16 anni,134,644,90.11490683229813,17.51806429999268,138
QI_totale,11-16 anni,135,644,90.11490683229813,17.51806429999268,138
QI_totale,11-16 anni,136,644,90.11490683229813,17.51806429999268,139
QI_totale,11-16 anni,137,644,90.11490683229813,17.51806429999268,140
QI_totale,11-16 anni,138,644,90.11490683229813,17.51806429999268,141
QI_totale,11-16 anni,139,644,90.11490683229813,17.51806429999268,142
QI_totale,11-16 anni,140,644,90.11490683229813,17.51806429999268,143
QI_totale,11-16 anni,141,644,90.11490683229813,17.51806429999268,144
QI_totale,11-16 anni,142,644,90.11490683229813,17.51806429999268,144
QI_totale,11-16 anni,143,644,90.11490683229813,17.51806429999268,145
QI_totale,11-16 anni,144,644,90.11490683229813,17.51806429999268,146
QI_totale,11-16 anni,145,644,90.11490683229813,17.51806429999268,147
QI_totale,11-16 anni,146,644,90.11490683229813,17.51806429999268,148
QI_totale,11-16 anni,147,644,90.11490683229813,17.51806429999268,149
QI_totale,11-16 anni,148,644,90.11490683229813,17.51806429999268,150
QI_totale,11-16 anni,149,644,90.11490683229813,17.51806429999268,150
QI_totale,11-16 anni,150,644,90.11490683229813,17.51806429999268,151
QI_totale,11-16 anni,151,644,90.11490683229813,17.51806429999268,152
QI_totale,11-16 anni,152,644,90.11490683229813,17.51806429999268,153
QI_totale,11-16 anni,153,644,90.11490683229813,17.51806429999268,154
QI_totale,11-16 anni,154,644,90.11490683229813,17.51806429999268,155
QI_totale,11-16 anni,155,644,90.11490683229813,17.51806429999268,156
QI_totale,11-16 anni,156,644,90.11490683229813,17.51806429999268,156
QI_totale,11-16 anni,157,644,90.11490683229813,17.51806429999268,157
QI_totale,11-16 anni,158,644,90.11490683229813,17.51806429999268,158
QI_totale,11-16 anni,159,644,90.11490683229813,17.51806429999268,159
QI_totale,11-16 anni,160,644,90.11490683229813,17.51806429999268,160
QI_totale,11-16 anni,161,644,90.11490683229813,17.51806429999268,160
QI_totale,11-16 anni,162,644,90.11490683229813,17.51806429999268,160
QI_totale,11-16 anni,163,644,90.11490683229813,17.51806429999268,160
QI_totale,11-16 anni,164,644,90.11490683229813,17.51806429999268,160
QI_totale,11-16 anni,165,644,90.11490683229813,17.51806429999268,160
QI_totale,11-16 anni,166,644,90.11490683229813,17.51806429999268,160
QI_totale,11-16 anni,167,644,90.11490683229813,17.51806429999268,160
QI_totale,11-16 anni,168,644,90.11490683229813,17.51806429999268,160
QI_totale,11-16 anni,169,644,90.11490683229813,17.51806429999268,160
QI_totale,11-16 anni,170,644,90.11490683229813,17.51806429999268,160
QI_totale,11-16 anni,171,644,90.11490683229813,17.51806429999268,160
QI_totale,17-22 anni,9,566,90.0547703180212,16.427976467967945,40
QI_totale,17-22 anni,10,566,90.0547703180212,16.427976467967945,40
QI_totale,17-22 anni,11,566,90.0547703180212,16.427976467967945,40
QI_totale,17-22 anni,12,566,90.0547703180212,16.427976467967945,40
QI_totale,17-22 anni,13,566,90.0547703180212,16.427976467967945,40
QI_totale,17-22 anni,14,566,90.0547703180212,16.427976467967945,40
QI_totale,17-22 anni,15,566,90.0547703180212,16.427976467967945,40
QI_totale,17-22 anni,16,566,90.0547703180212,16.427976467967945,40
QI_totale,17-22 anni,17,566,90.0547703180212,16.427976467967945,40
QI_totale,17-22 anni,18,566,90.0547703180212,16.427976467967945,40
QI_totale,17-22 anni,19,566,90.0547703180212,16.427976467967945,40
QI_totale,17-22 anni,20,566,90.0547703180212,16.427976467967945,40
QI_totale,17-22 anni,21,566,90.0547703180212,16.427976467967945,40
QI_totale,17-22 anni,22,566,90.0547703180212,16.427976467967945,40
QI_totale,17-22 anni,23,566,90.0547703180212,16.427976467967945,40
QI_totale,17-22 anni,24,566,90.0547703180212,16.427976467967945,40
QI_totale,17-22 anni,25,566,90.0547703180212,16.427976467967945,41
QI_totale,17-22 anni,26,566,90.0547703180212,16.427976467967945,42
QI_totale,17-22 anni,27,566,90.0547703180212,16.427976467967945,42
QI_totale,17-22 anni,28,566,90.0547703180212,16.427976467967945,43
QI_totale,17-22 anni,29,566,90.0547703180212,16.427976467967945,44
QI_totale,17-22 anni,30,566,90.0547703180212,16.427976467967945,45
QI_totale,17-22 anni,31,566,90.0547703180212,16.427976467967945,46
QI_totale,17-22 anni,32,566,90.0547703180212,16.427976467967945,47
QI_totale,17-22 anni,33,566,90.0547703180212,16.427976467967945,48
QI_totale,17-22 anni,34,566,90.0547703180212,16.427976467967945,49
QI_totale,17-22 anni,35,566,90.0547703180212,16.427976467967945,50
QI_totale,17-22 anni,36,566,90.0547703180212,16.427976467967945,51
QI_totale,17-22 anni,37,566,90.0547703180212,16.427976467967945,52
QI_totale,17-22 anni,38,566,90.0547703180212,16.427976467967945,52
QI_totale,17-22 anni,39,566,90.0547703180212,16.427976467967945,53
QI_totale,17-22 anni,40,566,90.0547703180212,16.427976467967945,54
QI_totale,17-22 anni,41,566,90.0547703180212,16.427976467967945,55
QI_totale,17-22 anni,42,566,90.0547703180212,16.427976467967945,56
QI_totale,17-22 anni,43,566,90.0547703180212,16.427976467967945,57
QI_totale,17-22 anni,44,566,90.0547703180212,16.427976467967945,58
QI_totale,17-22 anni,45,566,90.0547703180212,16.427976467967945,59
QI_totale,17-22 anni,46,566,90.0547703180212,16.427976467967945,60
QI_totale,17-22 anni,47,566,90.0547703180212,16.427976467967945,61
QI_totale,17-22 anni,48,566,90.0547703180212,16.427976467967945,62
QI_totale,17-22 anni,49,566,90.0547703180212,16.427976467967945,63
QI_totale,17-22 anni,50,566,90.0547703180212,16.427976467967945,63
QI_totale,17-22 anni,51,566,90.0547703180212,16.427976467967945,64
QI_totale,17-22 anni,52,566,90.0547703180212,16.427976467967945,65
QI_totale,17-22 anni,53,566,90.0547703180212,16.427976467967945,66
QI_totale,17-22 anni,54,566,90.0547703180212,16.427976467967945,67
QI_totale,17-22 anni,55,566,90.0547703180212,16.427976467967945,68
QI_totale,17-22 anni,56,566,90.0547703180212,16.427976467967945,69
QI_totale,17-22 anni,57,566,90.0547703180212,16.427976467967945,70
QI_totale,17-22 anni,58,566,90.0547703180212,16.427976467967945,71
QI_totale,17-22 anni,59,566,90.0547703180212,16.427976467967945,72
QI_totale,17-22 anni,60,566,90.0547703180212,16.427976467967945,73
QI_totale,17-22 anni,61,566,90.0547703180212,16.427976467967945,73
QI_totale,17-22 anni,62,566,90.0547703180212,16.427976467967945,74
QI_totale,17-22 anni,63,566,90.0547703180212,16.427976467967945,75
QI_totale,17-22 anni,64,566,90.0547703180212,16.427976467967945,76
QI_totale,17-22 anni,65,566,90.0547703180212,16.427976467967945,77
QI_totale,17-22 anni,66,566,90.0547703180212,16.427976467967945,78
QI_totale,17-22 anni,67,566,90.0547703180212,16.427976467967945,79
QI_totale,17-22 anni,68,566,90.0547703180212,16.427976467967945,80
QI_totale,17-22 anni,69,566,90.0547703180212,16.427976467967945,81
QI_totale,17-22 anni,70,566,90.0547703180212,16.427976467967945,82
QI_totale,17-22 anni,71,566,90.0547703180212,16.427976467967945,83
QI_totale,17-22 anni,72,566,90.0547703180212,16.427976467967945,84
QI_totale,17-22 anni,73,566,90.0547703180212,16.427976467967945,84
QI_totale,17-22 anni,74,566,90.0547703180212,16.427976467967945,85
QI_totale,17-22 anni,75,566,90.0547703180212,16.427976467967945,86
QI_totale,17-22 anni,76,566,90.0547703180212,16.427976467967945,87
QI_totale,17-22 anni,77,566,90.0547703180212,16.427976467967945,88
QI_totale,17-22 anni,78,566,90.0547703180212,16.427976467967945,89
QI_totale,17-22 anni,79,566,90.0547703180212,16.427976467967945,90
QI_totale,17-22 anni,80,566,90.0547703180212,16.427976467967945,91
QI_totale,17-22 anni,81,566,90.0547703180212,16.427976467967945,92
QI_totale,17-22 anni,82,566,90.0547703180212,16.427976467967945,93
QI_totale,17-22 anni,83,566,90.0547703180212,16.427976467967945,94
QI_totale,17-22 anni,84,566,90.0547703180212,16.427976467967945,94
QI_totale,17-22 anni,85,566,90.0547703180212,16.427976467967945,95
QI_totale,17-22 anni,86,566,90.0547703180212,16.427976467967945,96
QI_totale,17-22 anni,87,566,90.0547703180212,16.427976467967945,97
QI_totale,17-22 anni,88,566,90.0547703180212,16.427976467967945,98
QI_totale,17-22 anni,89,566,90.0547703180212,16.427976467967945,99
QI_totale,17-22 anni,90,566,90.0547703180212,16.427976467967945,100
QI_totale,17-22 anni,91,566,90.0547703180212,16.427976467967945,101
QI_totale,17-22 anni,92,566,90.0547703180212,16.427976467967945,102
QI_totale,17-22 anni,93,566,90.0547703180212,16.427976467967945,103
QI_totale,17-22 anni,94,566,90.0547703180212,16.427976467967945,104
QI_totale,17-22 anni,95,566,90.0547703180212,16.427976467967945,105
QI_totale,17-22 anni,96,566,90.0547703180212,16.427976467967945,105
QI_totale,17-22 anni,97,566,90.0547703180212,16.427976467967945,106
QI_totale,17-22 anni,98,566,90.0547703180212,16.427976467967945,107
QI_totale,17-22 anni,99,566,90.0547703180212,16.427976467967945,108
QI_totale,17-22 anni,100,566,90.0547703180212,16.427976467967945,109
QI_totale,17-22 anni,101,566,90.0547703180212,16.427976467967945,110
QI_totale,17-22 anni,102,566,90.0547703180212,16.427976467967945,111
QI_totale,17-22 anni,103,566,90.0547703180212,16.427976467967945,112
QI_totale,17-22 anni,104,566,90.0547703180212,16.427976467967945,113
QI_totale,17-22 anni,105,566,90.0547703180212,16.427976467967945,114
QI_totale,17-22 anni,106,566,90.0547703180212,16.427976467967945,115
QI_totale,17-22 anni,107,566,90.0547703180212,16.427976467967945,115
QI_totale,17-22 anni,108,566,90.0547703180212,16.427976467967945,116
QI_totale,17-22 anni,109,566,90.0547703180212,16.427976467967945,117
QI_totale,17-22 anni,110,566,90.0547703180212,16.427976467967945,118
QI_totale,17-22 anni,111,566,90.0547703180212,16.427976467967945,119
QI_totale,17-22 anni,112,566,90.0547703180212,16.427976467967945,120
QI_totale,17-22 anni,113,566,90.0547703180212,16.427976467967945,121
QI_totale,17-22 anni,114,566,90.0547703180212,16.427976467967945,122
QI_totale,17-22 anni,115,566,90.0547703180212,16.427976467967945,123
QI_totale,17-22 anni,116,566,90.0547703180212,16.427976467967945,124
QI_totale,17-22 anni,117,566,90.0547703180212,16.427976467967945,125
QI_totale,17-22 anni,118,566,90.0547703180212,16.427976467967945,126
QI_totale,17-22 anni,119,566,90.0547703180212,16.427976467967945,126
QI_totale,17-22 anni,120,566,90.0547703180212,16.427976467967945,127
QI_totale,17-22 anni,121,566,90.0547703180212,16.427976467967945,128
QI_totale,17-22 anni,122,566,90.0547703180212,16.427976467967945,129
QI_totale,17-22 anni,123,566,90.0547703180212,16.427976467967945,130
QI_totale,17-22 anni,124,566,90.0547703180212,16.427976467967945,131
QI_totale,17-22 anni,125,566,90.0547703180212,16.427976467967945,132
QI_totale,17-22 anni,126,566,90.0547703180212,16.427976467967945,133
QI_totale,17-22 anni,127,566,90.0547703180212,16.427976467967945,134
QI_totale,17-22 anni,128,566,90.0547703180212,16.427976467967945,135
QI_totale,17-22 anni,129,566,90.0547703180212,16.427976467967945,136
QI_totale,17-22 anni,130,566,90.0547703180212,16.427976467967945,136
QI_totale,17-22 anni,131,566,90.0547703180212,16.427976467967945,137
QI_totale,17-22 anni,132,566,90.0547703180212,16.427976467967945,138
QI_totale,17-22 anni,133,566,90.0547703180212,16.427976467967945,139
QI_totale,17-22 anni,134,566,90.0547703180212,16.427976467967945,140
QI_totale,17-22 anni,135,566,90.0547703180212,16.427976467967945,141
QI_totale,17-22 anni,136,566,90.0547703180212,16.427976467967945,142
QI_totale,17-22 anni,137,566,90.0547703180212,16.427976467967945,143
QI_totale,17-22 anni,138,566,90.0547703180212,16.427976467967945,144
QI_totale,17-22 anni,139,566,90.0547703180212,16.427976467967945,145
QI_totale,17-22 anni,140,566,90.0547703180212,16.427976467967945,146
QI_totale,17-22 anni,141,566,90.0547703180212,16.427976467967945,147
QI_totale,17-22 anni,142,566,90.0547703180212,16.427976467967945,147
QI_totale,17-22 anni,143,566,90.0547703180212,16.427976467967945,148
QI_totale,17-22 anni,144,566,90.0547703180212,16.427976467967945,149
QI_totale,17-22 anni,145,566,90.0547703180212,16.427976467967945,150
QI_totale,17-22 anni,146,566,90.0547703180212,16.427976467967945,151
QI_totale,17-22 anni,147,566,90.0547703180212,16.427976467967945,152
QI_totale,17-22 anni,148,566,90.0547703180212,16.427976467967945,153
QI_totale,17-22 anni,149,566,90.0547703180212,16.427976467967945,154
QI_totale,17-22 anni,150,566,90.0547703180212,16.427976467967945,155
QI_totale,17-22 anni,151,566,90.0547703180212,16.427976467967945,156
QI_totale,17-22 anni,152,566,90.0547703180212,16.427976467967945,157
QI_totale,17-22 anni,153,566,90.0547703180212,16.427976467967945,157
QI_totale,17-22 anni,154,566,90.0547703180212,16.427976467967945,158
QI_totale,17-22 anni,155,566,90.0547703180212,16.427976467967945,159
QI_totale,17-22 anni,156,566,90.0547703180212,16.427976467967945,160
QI_totale,17-22 anni,157,566,90.0547703180212,16.427976467967945,160
QI_totale,17-22 anni,158,566,90.0547703180212,16.427976467967945,160
QI_totale,17-22 anni,159,566,90.0547703180212,16.427976467967945,160
QI_totale,17-22 anni,160,566,90.0547703180212,16.427976467967945,160
QI_totale,17-22 anni,161,566,90.0547703180212,16.427976467967945,160
QI_totale,17-22 anni,162,566,90.0547703180212,16.427976467967945,160
QI_totale,17-22 anni,163,566,90.0547703180212,16.427976467967945,160
QI_totale,17-22 anni,164,566,90.0547703180212,16.427976467967945,160
QI_totale,17-22 anni,165,566,90.0547703180212,16.427976467967945,160
QI_totale,17-22 anni,166,566,90.0547703180212,16.427976467967945,160
QI_totale,17-22 anni,167,566,90.0547703180212,16.427976467967945,160
QI_totale,17-22 anni,168,566,90.0547703180212,16.427976467967945,160
QI_totale,17-22 anni,169,566,90.0547703180212,16.427976467967945,160
QI_totale,17-22 anni,170,566,90.0547703180212,16.427976467967945,160
QI_totale,17-22 anni,171,566,90.0547703180212,16.427976467967945,160
