"ID","age_y","SP_grezzo","RS_grezzo","CS_grezzo","MR_grezzo","RR_grezzo","QS_grezzo","MO_grezzo","RP_grezzo","MP_grezzo","SM_grezzo","PG_grezzo","CL_grezzo","SS_grezzo","CR_grezzo","DM_grezzo"
1,6,2,5,4,4,2,1,7,0,2,6,0,9,16,0,1
2,6,6,2,4,1,2,4,1,3,2,3,2,13,12,8,6
3,6,15,3,5,7,7,0,8,5,4,5,9,20,34,15,7
4,6,10,7,1,3,4,2,7,0,4,9,2,11,23,8,3
5,6.08333333333333,3,0,3,5,3,2,2,4,2,2,0,5,0,3,0
6,6.08333333333333,6,3,5,7,4,3,8,6,7,10,2,9,11,6,1
7,6.08333333333333,4,1,3,1,2,0,5,1,1,0,1,5,5,1,1
8,6.08333333333333,4,1,2,3,4,1,2,2,6,2,1,15,14,3,2
9,6.08333333333333,5,9,3,8,5,3,10,4,6,7,2,28,15,8,1
10,6.08333333333333,11,4,1,5,3,3,5,4,0,11,3,11,3,2,1
11,6.08333333333333,8,0,1,0,2,5,4,4,4,3,3,14,3,6,1
12,6.08333333333333,14,11,8,6,5,7,9,6,9,4,5,23,15,6,2
13,6.08333333333333,3,2,1,1,2,1,2,3,1,2,1,0,7,0,1
14,6.16666666666667,3,3,1,1,4,3,6,1,4,6,5,8,9,2,2
15,6.16666666666667,9,3,3,4,3,5,9,4,5,3,1,2,5,4,0
16,6.16666666666667,11,5,1,1,2,2,1,1,3,2,2,9,5,1,1
17,6.16666666666667,11,3,2,2,4,3,4,1,5,5,6,12,5,13,3
18,6.16666666666667,20,5,11,15,9,9,17,10,12,17,13,35,29,9,4
19,6.16666666666667,5,5,2,3,6,4,6,3,3,12,4,10,22,5,3
20,6.16666666666667,3,2,0,4,3,2,2,1,4,3,0,11,11,1,0
21,6.16666666666667,3,1,2,0,2,0,4,1,2,2,0,0,3,5,0
22,6.25,3,4,2,1,1,1,0,1,2,0,0,2,8,2,0
23,6.25,11,1,3,7,1,2,7,2,4,5,2,23,21,5,1
24,6.25,5,0,1,1,2,4,2,3,2,4,1,0,4,1,1
25,6.25,7,2,5,5,5,5,2,1,7,1,3,7,17,3,2
26,6.25,4,2,4,5,1,3,10,2,3,5,3,0,7,3,0
27,6.25,11,8,5,7,7,11,9,9,10,10,8,41,24,13,0
28,6.33333333333333,1,1,4,3,0,2,1,2,0,0,1,0,3,1,0
29,6.33333333333333,10,3,3,4,8,4,6,1,4,6,4,26,21,3,0
30,6.33333333333333,4,0,2,0,2,1,5,1,2,0,3,0,0,5,0
31,6.41666666666667,20,17,5,12,10,7,12,9,12,24,7,26,37,15,1
32,6.41666666666667,15,7,3,6,3,11,11,8,4,14,4,12,8,4,1
33,6.41666666666667,5,4,2,1,3,2,3,5,0,3,2,16,21,5,0
34,6.41666666666667,6,4,4,5,5,6,8,3,5,7,2,37,11,1,0
35,6.41666666666667,8,0,1,3,2,3,3,4,1,6,0,24,32,3,0
36,6.41666666666667,12,4,9,10,5,0,9,10,3,7,8,35,27,14,5
37,6.41666666666667,8,3,4,1,2,6,12,3,5,5,7,9,11,5,1
38,6.41666666666667,15,11,8,3,9,5,14,5,8,20,2,20,55,22,4
39,6.41666666666667,5,1,1,7,3,10,6,2,4,4,3,20,16,3,2
40,6.41666666666667,6,6,2,5,4,3,10,5,6,6,1,14,8,7,3
41,6.5,2,0,5,3,2,2,10,5,5,4,1,0,7,1,0
42,6.5,17,5,4,13,3,8,12,4,12,14,7,11,17,9,1
43,6.5,5,2,3,4,5,2,5,5,4,5,2,10,22,4,1
44,6.5,4,3,1,5,1,7,4,1,1,4,4,14,16,5,2
45,6.5,6,1,1,4,4,1,5,3,3,4,4,2,11,3,1
46,6.5,3,1,1,6,3,6,1,0,2,5,3,10,20,7,3
47,6.5,4,0,3,2,3,6,3,5,2,1,2,11,4,1,0
48,6.5,10,9,4,6,3,6,8,5,3,6,6,24,7,5,1
49,6.5,9,5,2,9,5,5,8,3,5,12,2,31,25,6,2
50,6.5,3,2,4,2,6,4,4,3,9,8,3,6,7,8,3
51,6.58333333333333,5,4,1,3,2,3,4,6,3,9,2,13,24,6,0
52,6.58333333333333,8,11,6,12,8,8,14,10,10,28,10,16,50,14,2
53,6.58333333333333,16,8,4,7,8,5,12,9,6,18,4,40,26,3,2
54,6.58333333333333,8,12,6,7,6,6,16,12,11,19,5,31,34,8,5
55,6.58333333333333,10,6,9,4,10,3,12,11,5,7,9,43,56,10,2
56,6.58333333333333,2,1,1,0,7,2,5,5,8,7,5,5,19,6,2
57,6.58333333333333,9,1,7,5,10,6,4,5,4,12,1,46,47,9,2
58,6.58333333333333,6,7,4,5,2,3,3,2,1,6,5,29,31,4,1
59,6.58333333333333,2,9,1,5,4,3,9,2,2,11,1,24,16,5,1
60,6.58333333333333,9,5,3,7,3,4,7,8,7,11,6,17,18,5,3
61,6.58333333333333,11,4,4,10,8,3,7,2,6,3,2,10,9,5,0
62,6.58333333333333,14,7,3,2,11,8,11,7,5,9,3,19,11,5,6
63,6.58333333333333,15,6,6,7,3,8,7,8,9,8,3,5,35,4,2
64,6.58333333333333,15,7,8,9,10,11,18,7,9,11,6,66,58,10,3
65,6.58333333333333,12,4,3,6,4,2,8,4,4,4,2,21,19,4,2
66,6.66666666666667,7,2,4,7,5,1,3,0,5,6,2,24,11,1,3
67,6.66666666666667,5,6,3,4,6,6,5,3,8,8,4,6,12,7,2
68,6.66666666666667,14,14,9,7,6,7,6,9,6,12,9,18,49,14,3
69,6.66666666666667,16,7,9,12,14,6,8,5,11,16,5,48,63,14,3
70,6.66666666666667,7,4,3,3,11,2,11,1,11,6,2,26,19,3,4
71,6.66666666666667,9,3,8,6,13,2,2,4,4,4,1,35,55,3,0
72,6.66666666666667,8,3,6,4,3,6,3,7,2,7,4,36,25,18,5
73,6.66666666666667,6,3,5,9,8,9,11,5,8,8,9,37,22,11,1
74,6.75,8,7,4,8,3,7,3,3,8,9,2,28,14,13,3
75,6.75,2,1,0,2,2,0,3,1,1,1,1,0,8,2,2
76,6.75,9,2,5,7,4,10,9,7,5,12,2,57,66,17,3
77,6.75,6,5,4,4,0,4,6,2,9,5,2,10,24,11,5
78,6.75,11,9,2,3,1,6,12,5,10,12,2,59,46,8,4
79,6.75,10,4,10,7,8,6,11,2,5,9,2,13,11,5,1
80,6.75,8,8,4,2,5,7,5,4,7,6,1,39,25,14,1
81,6.75,5,7,3,0,1,1,2,4,4,2,1,19,18,3,1
82,6.75,14,10,6,9,9,10,9,8,10,17,9,25,41,10,1
83,6.75,11,5,10,5,13,8,8,5,6,10,2,21,16,6,4
84,6.75,12,2,7,8,10,9,9,9,7,12,6,33,22,5,6
85,6.75,1,2,1,4,4,2,7,2,3,7,4,21,16,9,0
86,6.83333333333333,2,6,2,4,6,8,9,2,7,3,0,34,4,3,2
87,6.83333333333333,10,6,3,10,8,3,5,4,3,13,7,27,27,11,3
88,6.83333333333333,6,6,3,3,3,2,6,3,7,3,0,17,8,1,1
89,6.83333333333333,7,5,4,4,9,7,9,4,3,13,5,24,17,6,2
90,6.83333333333333,10,8,10,7,3,5,9,6,9,6,5,19,15,4,3
91,6.83333333333333,11,7,7,4,2,7,12,5,9,2,1,33,33,6,5
92,6.83333333333333,5,0,1,2,3,0,3,2,1,4,5,23,6,2,3
93,6.83333333333333,7,6,1,4,5,5,6,2,2,7,2,33,17,10,0
94,6.91666666666667,7,7,6,5,8,0,12,5,6,16,3,32,42,7,1
95,6.91666666666667,8,3,2,7,5,5,8,5,7,11,4,7,22,6,0
96,6.91666666666667,10,9,1,5,2,7,8,1,0,2,4,20,26,10,1
97,6.91666666666667,9,6,4,7,5,9,10,5,11,6,4,33,48,5,2
98,6.91666666666667,19,6,2,12,12,6,14,8,12,17,6,27,33,8,1
99,6.91666666666667,6,6,4,14,4,8,11,4,7,18,4,34,49,5,1
100,7,12,3,4,4,2,7,17,3,8,10,4,27,22,5,3
101,7,9,5,3,6,3,11,6,4,2,7,1,37,35,13,3
102,7,17,5,11,8,10,7,13,12,7,15,8,45,23,5,6
103,7,7,8,4,4,11,7,19,4,3,13,7,32,24,6,4
104,7,7,3,2,6,4,3,6,5,3,6,5,13,16,3,3
105,7,8,4,4,3,1,2,14,3,3,12,8,33,35,6,3
106,7.08333333333333,7,8,5,5,4,4,3,2,5,10,2,23,13,8,3
107,7.08333333333333,10,7,1,8,4,3,5,4,2,8,1,5,11,1,0
108,7.08333333333333,11,13,4,12,9,9,9,7,4,17,10,49,54,8,5
109,7.16666666666667,12,10,4,10,3,4,7,9,8,3,5,21,29,7,2
110,7.16666666666667,19,7,6,12,15,4,9,7,13,11,4,62,59,7,5
111,7.16666666666667,15,5,7,9,8,7,12,2,8,12,4,27,18,10,3
112,7.16666666666667,12,4,0,2,3,4,6,5,7,11,2,43,35,5,4
113,7.16666666666667,15,13,6,8,5,5,20,6,5,19,5,33,60,13,3
114,7.25,7,3,5,0,2,4,1,3,4,12,5,38,33,7,1
115,7.25,14,9,4,9,8,3,5,4,4,6,7,38,10,5,3
116,7.25,15,11,7,5,7,5,5,10,4,21,6,24,31,4,2
117,7.25,7,2,0,9,9,8,10,7,8,16,5,20,18,4,1
118,7.25,14,13,2,8,7,8,6,5,5,12,5,57,33,6,3
119,7.25,11,3,6,14,8,10,13,7,7,25,12,20,27,14,6
120,7.33333333333333,9,5,0,8,6,3,7,6,5,3,0,6,25,12,1
121,7.33333333333333,8,8,8,9,7,10,14,4,7,11,6,17,32,6,4
122,7.33333333333333,15,9,8,4,3,7,9,3,3,5,3,26,25,6,1
123,7.33333333333333,11,20,11,10,8,3,18,4,10,26,8,78,71,17,2
124,7.33333333333333,5,5,3,4,7,5,6,5,10,7,3,37,58,7,0
125,7.33333333333333,12,5,5,2,3,2,4,3,6,2,1,7,10,2,2
126,7.33333333333333,4,4,1,5,7,5,12,6,11,8,3,21,36,6,3
127,7.33333333333333,17,15,5,12,11,13,23,8,11,8,8,17,27,8,3
128,7.33333333333333,10,6,6,10,3,5,7,8,12,6,3,20,24,12,5
129,7.41666666666667,15,7,7,8,5,5,10,3,5,6,4,23,41,13,3
130,7.41666666666667,17,16,8,18,9,5,12,9,12,10,3,58,37,18,1
131,7.41666666666667,8,4,1,2,6,1,12,2,2,9,7,20,9,10,0
132,7.41666666666667,11,8,6,2,7,5,9,3,8,18,4,36,19,6,2
133,7.5,13,13,10,7,7,1,9,6,7,10,3,41,48,5,1
134,7.5,5,8,4,3,8,5,3,2,4,9,6,45,34,9,1
135,7.5,8,3,3,7,4,5,6,5,3,2,7,19,17,2,2
136,7.58333333333333,8,6,6,4,3,1,13,11,5,14,7,38,42,3,3
137,7.58333333333333,7,1,3,10,2,3,7,4,7,2,2,9,30,3,2
138,7.58333333333333,4,1,2,2,3,2,6,1,4,2,1,0,4,0,0
139,7.66666666666667,13,10,6,10,9,11,11,6,7,23,11,40,42,9,2
140,7.66666666666667,14,8,5,10,7,6,5,5,10,10,2,24,29,12,4
141,7.66666666666667,10,13,9,12,16,9,10,4,8,15,7,68,72,22,6
142,7.66666666666667,16,9,9,7,11,6,15,4,6,19,12,60,53,18,4
143,7.66666666666667,8,5,9,16,9,13,9,5,10,19,7,53,62,13,2
144,7.66666666666667,14,10,8,9,12,6,13,3,12,20,5,48,39,15,3
145,7.66666666666667,12,5,4,10,4,4,10,7,9,16,7,21,21,6,3
146,7.66666666666667,5,5,3,3,4,12,11,1,6,11,4,52,48,3,2
147,7.66666666666667,13,4,5,6,7,8,15,4,16,10,3,42,17,12,0
148,7.66666666666667,20,7,9,11,8,4,13,4,14,14,7,36,32,9,2
149,7.66666666666667,6,8,2,3,8,3,10,6,2,5,4,14,9,10,3
150,7.75,9,7,4,7,5,5,8,6,10,13,7,25,15,12,1
151,7.75,16,3,7,6,4,9,8,2,4,8,5,19,9,8,3
152,7.75,18,8,8,15,10,16,15,6,8,26,9,55,39,14,6
153,7.75,11,12,6,6,9,8,8,3,5,14,6,17,25,1,0
154,7.75,5,11,4,4,1,3,8,3,5,11,1,25,45,8,4
155,7.75,9,11,8,3,7,5,12,3,1,8,5,29,21,4,2
156,7.75,8,1,4,2,3,2,5,2,6,4,1,6,26,3,3
157,7.75,8,9,12,7,7,7,14,11,6,15,6,27,48,18,6
158,7.75,19,0,9,7,4,4,16,5,9,9,2,32,44,9,2
159,7.75,20,16,12,17,9,12,13,4,11,18,11,42,34,17,5
160,7.75,8,6,0,10,3,6,7,3,6,10,6,6,15,3,1
161,7.83333333333333,10,7,5,6,8,4,11,5,4,13,5,38,41,6,5
162,7.83333333333333,5,5,4,3,6,7,6,7,2,5,5,21,20,3,4
163,7.83333333333333,8,2,3,2,5,6,3,4,5,10,2,5,12,0,2
164,7.83333333333333,13,12,10,16,11,10,17,9,15,15,5,78,52,12,2
165,7.83333333333333,17,17,10,11,8,9,10,8,8,12,4,28,66,12,4
166,7.83333333333333,9,11,6,8,7,9,11,7,11,12,7,46,41,7,1
167,7.83333333333333,10,5,3,5,9,7,10,6,7,8,2,39,45,13,4
168,7.83333333333333,9,6,3,6,11,2,10,4,2,15,7,23,29,11,2
169,7.83333333333333,13,16,2,14,10,13,9,7,7,12,5,39,55,14,4
170,7.83333333333333,16,14,12,20,12,13,15,9,13,17,10,79,80,20,2
171,7.83333333333333,19,11,5,4,7,5,18,11,6,10,6,17,23,12,2
172,7.83333333333333,12,13,4,6,5,9,14,9,7,9,1,19,40,17,3
173,7.91666666666667,13,7,13,9,12,4,21,11,11,3,5,48,27,15,2
174,7.91666666666667,15,7,4,17,16,13,18,10,18,7,7,70,65,5,7
175,7.91666666666667,14,14,15,17,4,6,19,7,5,16,7,51,68,3,3
176,7.91666666666667,16,6,5,7,7,10,17,7,5,18,6,33,7,14,7
177,7.91666666666667,16,10,1,8,7,4,6,4,10,11,11,46,22,21,2
178,7.91666666666667,13,8,8,9,11,9,14,10,10,14,7,72,42,19,7
179,7.91666666666667,9,5,5,9,8,5,12,5,6,9,4,36,50,8,1
180,7.91666666666667,17,8,5,9,10,12,10,3,3,16,8,18,35,15,1
181,7.91666666666667,19,14,15,14,12,11,19,5,13,15,10,59,49,18,4
182,8,27,15,11,9,8,12,12,11,9,17,10,36,39,16,3
183,8,16,8,4,13,4,4,3,1,7,12,3,33,48,6,2
184,8,17,10,11,12,17,15,17,11,10,17,10,56,45,8,3
185,8,19,6,9,7,4,4,11,7,6,10,3,55,20,6,1
186,8,4,6,2,8,9,2,5,8,6,4,1,11,22,7,2
187,8,21,7,8,11,7,10,11,5,3,15,8,36,30,9,3
188,8.08333333333333,13,4,4,2,10,7,11,10,6,5,8,20,16,11,4
189,8.08333333333333,25,17,7,13,11,9,20,8,4,23,8,64,62,14,4
190,8.08333333333333,12,9,7,15,10,10,13,5,6,21,9,19,33,10,1
191,8.08333333333333,24,12,9,11,3,11,16,9,15,23,9,79,67,21,4
192,8.08333333333333,18,6,9,14,4,7,19,8,11,15,12,63,38,10,4
193,8.08333333333333,4,6,4,11,8,8,6,5,8,15,2,43,48,4,0
194,8.16666666666667,13,10,7,6,9,6,12,7,9,15,8,26,44,15,7
195,8.16666666666667,29,9,13,12,8,11,13,7,14,16,10,61,48,7,4
196,8.16666666666667,15,10,6,17,13,15,9,10,4,21,5,53,70,19,6
197,8.16666666666667,9,4,3,9,1,4,3,2,6,12,3,42,19,5,0
198,8.16666666666667,11,8,4,3,8,2,5,8,5,7,2,15,21,10,4
199,8.16666666666667,14,11,7,9,12,14,15,9,9,18,7,35,51,22,5
200,8.16666666666667,14,7,9,8,11,10,18,10,6,15,11,62,62,14,6
201,8.16666666666667,11,10,7,7,9,6,10,11,6,6,4,50,40,13,3
202,8.16666666666667,7,8,4,8,8,7,12,0,6,7,1,12,11,8,2
203,8.16666666666667,13,2,5,11,5,7,4,4,9,4,4,46,43,1,3
204,8.25,15,8,9,4,3,15,12,8,8,12,6,70,60,12,5
205,8.25,8,7,12,9,6,4,11,7,5,10,5,36,23,9,1
206,8.25,9,7,1,10,8,5,13,5,7,8,6,22,14,4,1
207,8.25,26,9,10,6,13,10,22,12,15,22,10,66,73,8,0
208,8.25,16,4,3,1,4,6,9,4,7,10,6,39,24,3,5
209,8.25,9,7,10,4,8,9,10,10,4,9,1,24,16,6,4
210,8.25,9,4,2,4,8,9,7,7,10,12,8,43,28,5,0
211,8.25,13,11,8,5,8,13,10,12,7,11,3,21,39,18,5
212,8.33333333333333,7,0,3,3,6,6,14,12,9,9,4,26,36,10,2
213,8.33333333333333,14,4,3,9,9,4,12,4,7,17,1,49,71,12,4
214,8.33333333333333,13,3,5,9,7,4,16,6,8,20,1,35,34,5,2
215,8.33333333333333,12,5,5,6,9,5,14,5,6,12,10,29,27,7,3
216,8.33333333333333,11,9,4,6,2,5,9,13,9,17,10,38,50,19,4
217,8.33333333333333,23,12,4,10,7,7,8,6,6,29,9,48,48,17,2
218,8.33333333333333,10,2,4,2,0,0,7,2,5,4,0,17,6,9,2
219,8.33333333333333,7,10,4,7,11,5,19,7,15,11,6,18,26,14,3
220,8.33333333333333,8,14,8,8,7,9,13,9,10,6,7,22,55,12,5
221,8.33333333333333,14,7,3,10,13,10,19,9,12,21,7,49,59,16,6
222,8.33333333333333,11,7,7,10,8,7,8,7,7,13,8,58,63,18,4
223,8.41666666666667,18,9,12,14,8,14,12,9,9,16,10,50,32,20,7
224,8.41666666666667,7,6,2,7,5,6,6,7,8,9,7,46,27,8,3
225,8.41666666666667,16,12,4,14,4,12,17,8,8,17,8,45,54,12,3
226,8.41666666666667,30,7,9,16,16,16,20,5,11,17,9,56,43,17,6
227,8.41666666666667,18,14,5,10,11,3,12,7,10,20,4,70,54,16,0
228,8.41666666666667,23,16,11,7,10,8,11,9,4,20,9,61,39,8,4
229,8.41666666666667,13,12,12,8,7,14,8,9,9,25,13,36,42,8,1
230,8.41666666666667,8,4,6,8,11,7,11,8,5,27,6,48,38,18,5
231,8.41666666666667,18,15,6,12,7,14,8,7,12,22,9,46,26,11,3
232,8.5,10,9,9,6,6,5,8,6,9,16,5,44,30,8,3
233,8.5,9,4,6,2,11,1,9,4,9,13,3,39,18,2,3
234,8.5,12,2,7,7,8,6,7,8,9,10,3,50,52,14,4
235,8.5,3,4,3,2,2,3,3,4,5,12,0,13,6,10,3
236,8.5,13,11,10,12,5,7,19,13,7,18,7,51,63,10,5
237,8.5,8,0,1,7,1,4,5,2,5,8,6,45,30,4,5
238,8.58333333333333,24,11,14,11,10,9,16,10,8,18,8,75,57,13,4
239,8.58333333333333,15,2,2,4,2,10,6,3,2,7,2,13,15,11,1
240,8.58333333333333,12,11,7,17,5,8,9,7,8,9,7,30,50,8,1
241,8.58333333333333,10,3,4,2,6,9,7,3,0,5,3,9,18,3,0
242,8.58333333333333,8,4,4,2,6,7,7,6,11,7,8,42,44,9,3
243,8.58333333333333,13,6,5,10,4,7,8,5,14,5,5,30,38,5,4
244,8.58333333333333,15,13,16,14,11,14,14,13,10,22,8,54,45,20,5
245,8.58333333333333,18,15,11,15,18,13,18,7,9,24,15,80,65,20,5
246,8.58333333333333,21,8,10,10,14,10,23,11,8,24,7,46,62,18,8
247,8.58333333333333,15,10,4,5,1,10,11,11,8,13,6,47,47,4,4
248,8.66666666666667,10,9,4,7,9,6,14,1,5,13,1,47,34,11,3
249,8.66666666666667,10,4,7,9,8,6,14,6,10,14,7,33,24,10,5
250,8.66666666666667,15,11,12,16,7,14,17,10,10,13,7,45,41,17,6
251,8.66666666666667,4,5,4,8,10,7,17,6,6,3,2,31,20,11,0
252,8.66666666666667,11,4,3,11,11,10,12,7,9,14,3,43,80,8,5
253,8.66666666666667,27,11,10,17,15,12,23,7,13,13,14,49,53,24,7
254,8.66666666666667,10,12,7,10,9,7,10,6,12,14,8,71,58,17,1
255,8.66666666666667,10,3,5,8,4,3,6,7,5,12,5,12,34,3,5
256,8.66666666666667,6,10,3,5,6,4,7,5,2,15,5,44,23,2,2
257,8.66666666666667,24,15,8,10,16,13,20,9,13,18,2,48,40,21,3
258,8.66666666666667,11,9,4,8,5,3,7,8,9,16,7,20,6,7,3
259,8.66666666666667,11,5,11,5,4,5,14,4,7,8,7,29,30,11,5
260,8.75,25,19,12,18,16,13,18,11,9,22,14,59,87,21,6
261,8.75,11,5,6,13,10,6,5,5,2,9,4,40,15,15,4
262,8.75,25,14,8,15,11,17,24,14,11,23,10,60,70,15,5
263,8.75,16,13,11,12,7,7,14,14,13,7,7,53,54,4,1
264,8.75,12,9,6,12,10,11,4,5,8,14,4,26,14,1,3
265,8.75,17,4,12,11,11,7,15,5,6,21,11,47,53,12,2
266,8.75,28,17,13,21,15,20,29,15,16,29,6,49,63,22,6
267,8.75,18,12,11,9,10,9,19,9,13,32,12,34,42,22,4
268,8.75,22,9,8,13,6,15,17,6,10,13,11,69,54,12,6
269,8.75,15,9,7,16,14,8,15,12,12,9,5,31,54,5,4
270,8.83333333333333,23,12,11,14,17,19,9,7,11,20,11,38,72,16,5
271,8.83333333333333,16,11,7,5,8,6,13,7,10,13,4,46,58,11,4
272,8.83333333333333,10,8,8,9,9,6,14,6,7,10,9,43,19,7,3
273,8.83333333333333,11,14,11,6,8,5,14,7,5,19,9,48,29,13,3
274,8.83333333333333,13,9,7,6,3,4,11,4,8,8,3,31,49,3,3
275,8.83333333333333,26,17,10,15,10,14,20,14,15,28,14,74,50,19,8
276,8.91666666666667,8,10,8,11,13,15,18,9,6,18,14,55,66,18,3
277,8.91666666666667,17,4,4,7,5,4,9,9,3,7,9,29,26,14,1
278,8.91666666666667,17,12,9,3,4,8,11,7,5,19,6,30,43,6,1
279,8.91666666666667,14,3,7,6,8,4,12,7,5,12,7,14,37,10,4
280,8.91666666666667,14,9,5,12,10,11,14,4,6,22,11,46,38,11,3
281,8.91666666666667,17,7,9,12,8,10,14,10,10,14,7,48,38,15,4
282,8.91666666666667,4,10,5,7,2,3,14,7,9,13,5,32,22,4,1
283,8.91666666666667,10,12,9,13,12,13,18,10,10,16,3,46,60,14,5
284,8.91666666666667,14,16,10,18,10,7,12,11,11,8,9,54,48,9,3
285,8.91666666666667,21,14,8,15,14,13,26,10,9,22,7,78,74,17,2
286,9,14,3,9,4,6,8,13,5,6,11,5,32,45,8,1
287,9,20,9,6,5,14,9,17,8,9,11,4,41,32,7,4
288,9,10,8,5,15,9,10,14,12,11,19,4,76,57,13,3
289,9,23,16,10,11,10,8,22,6,15,26,9,76,81,12,5
290,9,11,7,4,8,7,9,10,7,3,8,3,25,25,7,2
291,9,11,10,3,9,9,16,15,6,13,10,6,50,37,9,1
292,9,21,15,13,11,10,6,14,6,9,17,12,21,27,7,4
293,9,10,6,6,8,8,2,12,6,9,8,2,43,47,8,5
294,9,17,8,10,6,8,8,9,5,6,7,4,33,31,6,1
295,9,23,14,10,11,9,8,13,9,12,9,8,31,47,19,6
296,9.08333333333333,14,9,4,6,8,7,9,5,8,22,10,39,53,10,8
297,9.08333333333333,10,7,3,11,11,5,12,8,8,10,9,52,36,13,3
298,9.08333333333333,15,12,10,10,10,10,15,7,11,15,4,49,43,14,2
299,9.08333333333333,19,9,6,13,7,10,11,4,7,20,14,58,25,24,6
300,9.08333333333333,6,7,7,9,11,9,9,5,5,9,3,28,24,10,5
301,9.08333333333333,22,11,8,6,6,6,11,8,12,14,4,25,64,14,2
302,9.08333333333333,19,10,10,11,13,6,11,7,9,13,7,62,59,12,5
303,9.08333333333333,29,14,10,19,17,11,21,9,12,23,11,64,58,10,5
304,9.08333333333333,21,15,9,10,14,9,27,9,14,20,10,50,64,23,6
305,9.08333333333333,21,15,7,8,8,8,13,13,6,8,0,47,45,12,1
306,9.16666666666667,24,13,9,12,13,9,26,10,15,23,8,68,61,13,2
307,9.16666666666667,5,4,6,5,5,4,10,9,11,7,6,5,33,5,1
308,9.16666666666667,15,9,7,12,6,13,12,8,10,11,5,61,28,16,4
309,9.16666666666667,19,7,7,5,1,4,7,5,4,4,1,36,23,15,4
310,9.16666666666667,23,8,6,8,11,9,18,5,9,17,5,46,47,11,6
311,9.25,24,13,5,9,6,11,20,5,6,17,8,37,44,11,5
312,9.25,11,6,5,2,7,7,19,3,9,14,1,28,56,15,7
313,9.25,16,13,9,10,11,12,11,10,9,27,7,75,75,6,7
314,9.25,27,16,14,17,17,16,15,11,10,18,10,57,54,14,5
315,9.25,18,9,6,11,10,13,10,9,9,13,11,50,44,10,5
316,9.25,24,12,12,16,17,15,13,12,9,14,12,63,74,15,5
317,9.25,19,16,13,13,13,8,11,8,13,16,10,46,53,17,5
318,9.33333333333333,20,4,6,6,7,6,14,7,15,18,6,34,41,10,6
319,9.33333333333333,14,13,10,12,6,5,16,4,5,9,4,36,42,9,6
320,9.33333333333333,14,8,9,8,13,13,14,3,9,20,6,51,59,13,6
321,9.33333333333333,26,13,8,20,11,14,23,11,15,21,11,65,82,11,5
322,9.33333333333333,16,18,8,14,9,11,16,11,12,11,0,63,67,13,7
323,9.33333333333333,7,9,2,5,4,2,8,3,5,14,3,20,4,4,2
324,9.33333333333333,9,11,8,8,5,6,12,5,10,8,6,37,20,17,6
325,9.33333333333333,11,6,2,12,10,9,8,7,5,14,6,26,36,18,3
326,9.33333333333333,18,15,6,4,4,5,21,6,7,8,4,68,67,20,1
327,9.33333333333333,13,6,7,13,5,14,6,5,6,9,6,32,39,7,4
328,9.33333333333333,9,11,8,9,14,7,21,9,6,25,5,47,45,16,1
329,9.41666666666667,20,15,4,14,18,11,14,6,10,22,9,74,75,20,5
330,9.41666666666667,20,10,7,17,11,12,20,7,5,23,8,37,41,24,5
331,9.41666666666667,20,8,6,10,7,4,22,12,15,14,7,54,32,15,6
332,9.41666666666667,12,10,8,11,9,4,19,7,9,16,7,38,31,7,4
333,9.41666666666667,27,19,12,17,10,17,20,14,12,14,9,78,58,21,4
334,9.41666666666667,19,16,8,16,13,5,21,10,16,22,11,74,72,23,5
335,9.5,23,8,10,17,16,7,17,10,9,10,6,65,77,7,6
336,9.5,14,15,6,11,6,7,13,9,5,17,9,34,42,15,3
337,9.5,13,5,6,5,3,2,10,8,8,13,2,41,65,4,2
338,9.5,11,8,3,4,3,4,1,3,4,11,4,23,20,3,3
339,9.5,21,13,13,10,12,9,25,8,13,16,12,70,55,9,2
340,9.5,13,14,4,16,14,16,14,5,12,12,2,41,48,14,5
341,9.5,15,7,6,5,12,5,19,7,8,8,4,38,38,17,5
342,9.5,15,10,4,10,6,10,8,8,5,13,7,23,25,17,5
343,9.5,23,11,15,10,9,7,19,11,13,6,6,48,43,15,4
344,9.5,15,8,6,13,7,14,17,7,9,17,7,47,47,14,5
345,9.5,21,15,10,15,11,16,25,10,12,26,12,66,73,16,5
346,9.5,7,5,6,11,12,19,21,7,8,22,8,66,67,13,6
347,9.58333333333333,7,8,4,11,3,10,7,5,2,10,4,19,35,11,1
348,9.58333333333333,28,21,19,20,9,12,14,8,14,19,12,55,49,21,7
349,9.58333333333333,10,7,4,9,9,6,16,7,11,16,4,53,46,8,6
350,9.58333333333333,24,14,10,13,9,13,14,11,7,31,8,41,27,24,4
351,9.58333333333333,15,13,13,11,12,6,13,14,9,17,6,65,82,19,2
352,9.58333333333333,14,15,11,9,4,8,17,5,9,8,5,37,43,5,4
353,9.66666666666667,17,8,14,10,15,8,18,10,16,19,10,50,55,21,5
354,9.66666666666667,22,8,5,8,7,13,18,2,10,17,5,54,58,19,5
355,9.66666666666667,25,16,11,14,5,6,15,6,11,7,10,52,45,14,4
356,9.66666666666667,16,12,10,10,10,7,7,2,9,13,6,35,58,8,1
357,9.66666666666667,33,12,6,14,5,3,24,6,17,19,13,65,52,14,3
358,9.66666666666667,21,15,8,13,11,16,24,8,13,19,8,65,61,12,7
359,9.75,15,10,7,13,6,7,10,3,9,13,8,50,60,12,5
360,9.75,15,8,11,13,6,9,20,5,10,16,8,59,50,7,5
361,9.75,13,10,9,14,6,12,15,3,12,14,13,26,29,13,3
362,9.75,22,16,7,8,7,3,13,12,10,19,9,38,33,15,4
363,9.75,18,11,8,10,9,9,13,7,16,22,8,71,58,9,4
364,9.75,21,10,13,15,3,8,20,10,15,24,10,63,56,20,5
365,9.75,15,12,5,10,7,6,14,8,14,23,8,61,27,16,5
366,9.83333333333333,14,13,9,13,13,9,23,9,10,26,15,75,56,28,5
367,9.83333333333333,20,16,18,10,9,9,22,9,14,19,9,45,63,19,5
368,9.83333333333333,18,19,13,11,7,14,20,10,11,21,12,49,31,9,4
369,9.83333333333333,21,20,9,14,8,14,9,10,13,19,4,58,67,23,4
370,9.83333333333333,21,6,11,16,11,12,14,9,8,11,5,55,27,20,1
371,9.83333333333333,14,6,6,16,16,15,15,4,6,22,12,35,21,14,4
372,9.83333333333333,23,10,6,14,12,12,13,12,8,8,6,29,41,9,4
373,9.83333333333333,17,9,10,17,12,11,14,7,9,15,7,82,78,14,4
374,9.83333333333333,6,3,2,3,3,3,5,5,7,5,4,44,46,2,2
375,9.83333333333333,13,9,5,7,4,8,16,8,7,13,3,38,32,17,6
376,9.83333333333333,9,11,7,12,9,18,9,6,10,18,7,43,54,23,4
377,9.83333333333333,18,11,6,13,16,11,12,2,10,8,8,63,59,12,4
378,9.91666666666667,27,20,12,18,17,15,21,9,8,20,12,53,60,17,5
379,9.91666666666667,20,15,9,14,11,7,17,8,9,15,7,33,26,15,5
380,9.91666666666667,24,14,12,16,15,16,18,9,13,24,10,39,30,26,2
381,9.91666666666667,26,14,10,17,9,9,18,12,12,22,13,54,70,22,5
382,9.91666666666667,15,11,7,11,11,13,13,9,9,13,4,49,40,6,4
383,9.91666666666667,10,10,5,11,6,5,23,12,11,11,4,42,41,11,5
384,9.91666666666667,17,10,9,8,9,8,19,6,12,19,4,52,63,13,3
385,9.91666666666667,12,10,11,9,7,6,8,6,8,3,8,55,37,8,5
386,9.91666666666667,15,7,6,3,13,7,10,6,5,14,5,43,30,9,1
387,9.91666666666667,20,8,9,10,10,9,13,8,11,11,4,56,67,11,7
388,9.91666666666667,20,10,7,9,9,9,16,9,12,18,4,60,58,14,4
389,9.91666666666667,9,13,10,5,14,9,16,11,12,14,8,53,63,12,5
390,9.91666666666667,10,4,3,9,8,9,3,10,5,12,8,28,50,2,2
391,10,9,14,7,4,7,4,11,8,11,19,2,34,44,13,6
392,10,20,16,6,6,14,15,19,10,11,23,6,73,49,17,3
393,10,18,10,4,14,6,6,13,4,6,13,11,28,32,17,2
394,10,15,14,10,14,12,8,13,12,10,13,8,50,39,14,5
395,10,30,17,10,20,14,16,21,11,13,21,6,71,77,22,7
396,10,27,12,10,11,10,11,11,6,5,15,10,66,49,13,5
397,10,13,16,11,16,7,11,11,7,14,16,7,64,64,14,5
398,10,23,16,6,16,13,9,19,11,13,12,10,70,49,17,3
399,10,23,14,10,10,8,11,22,8,9,20,5,38,46,18,6
400,10.0833333333333,12,5,5,12,12,10,14,8,6,9,12,43,49,9,7
401,10.0833333333333,20,5,4,7,3,2,6,4,11,10,8,42,57,9,4
402,10.0833333333333,19,5,7,8,11,15,12,8,9,10,3,78,65,14,2
403,10.0833333333333,27,9,11,15,9,12,15,11,16,22,12,54,80,10,7
404,10.0833333333333,25,19,14,21,12,17,18,9,15,24,13,71,57,16,5
405,10.0833333333333,28,15,8,12,18,8,28,11,16,28,14,79,72,22,8
406,10.0833333333333,21,13,8,10,11,4,22,12,15,18,15,69,45,16,7
407,10.0833333333333,18,10,11,14,12,17,7,6,14,17,9,29,42,14,5
408,10.0833333333333,13,10,4,11,4,4,12,11,8,15,6,69,49,4,2
409,10.0833333333333,15,10,13,13,9,9,7,2,8,16,12,47,54,15,5
410,10.0833333333333,7,8,2,9,4,8,5,4,7,3,5,13,24,8,3
411,10.0833333333333,8,12,10,14,9,10,18,9,9,16,5,44,27,9,4
412,10.0833333333333,16,8,14,10,11,7,19,8,13,18,4,71,51,12,4
413,10.0833333333333,12,11,8,12,7,10,21,6,10,15,9,39,40,13,1
414,10.1666666666667,26,16,10,13,9,12,9,6,15,16,10,68,60,14,5
415,10.1666666666667,19,8,5,11,4,6,15,9,10,9,6,43,58,16,2
416,10.1666666666667,20,15,13,12,12,14,21,11,8,9,10,65,46,23,6
417,10.1666666666667,18,14,13,14,15,12,23,13,16,15,6,57,63,19,3
418,10.1666666666667,23,15,11,18,13,12,10,2,7,17,7,35,75,20,7
419,10.1666666666667,18,10,9,17,15,11,23,10,12,22,12,80,81,17,6
420,10.1666666666667,24,11,7,16,13,14,20,9,10,25,11,64,59,15,7
421,10.1666666666667,6,5,3,5,6,6,8,5,8,7,1,11,15,11,1
422,10.1666666666667,19,14,8,6,8,11,21,6,14,24,9,66,57,10,7
423,10.25,22,17,13,15,17,19,23,15,13,25,7,67,65,21,6
424,10.25,23,15,8,17,11,13,17,8,12,23,8,77,71,13,6
425,10.25,24,17,11,16,13,19,25,14,12,22,11,79,79,14,5
426,10.25,15,16,3,15,13,15,22,9,16,23,6,55,49,10,4
427,10.25,13,9,8,10,10,10,7,8,8,9,1,60,43,14,2
428,10.25,32,13,6,20,11,17,28,14,15,24,14,79,72,13,6
429,10.25,12,15,14,9,17,18,24,16,14,23,7,70,60,15,4
430,10.3333333333333,18,9,4,14,10,14,15,4,12,10,2,31,46,16,3
431,10.3333333333333,23,16,3,11,13,14,19,12,10,21,9,71,86,20,2
432,10.3333333333333,17,14,10,11,14,9,22,7,8,22,11,30,36,14,8
433,10.3333333333333,30,13,11,13,15,13,21,13,14,10,8,58,76,14,4
434,10.3333333333333,20,13,14,4,12,8,14,8,10,13,8,56,46,4,6
435,10.3333333333333,14,8,11,10,8,6,18,8,5,9,6,32,36,8,4
436,10.3333333333333,18,12,11,11,11,13,20,13,11,12,6,60,82,7,7
437,10.3333333333333,12,11,8,8,12,7,21,10,5,16,6,42,45,16,1
438,10.3333333333333,19,7,7,11,5,9,13,5,7,14,5,32,45,11,3
439,10.4166666666667,24,12,12,11,3,9,16,12,11,24,3,71,89,14,6
440,10.4166666666667,22,7,8,14,9,12,18,13,15,19,7,74,71,14,3
441,10.4166666666667,17,10,8,12,12,14,19,7,12,21,11,59,74,15,6
442,10.4166666666667,21,13,7,7,10,5,21,13,15,16,12,71,73,17,7
443,10.5,25,15,12,16,12,12,15,10,11,22,12,45,68,18,4
444,10.5,8,9,9,9,11,10,11,4,9,14,8,45,59,16,5
445,10.5,12,5,7,15,7,9,10,4,8,14,7,35,41,18,3
446,10.5,23,13,14,9,7,7,13,9,11,14,7,61,55,15,6
447,10.5,17,13,8,12,12,17,12,9,6,11,9,76,60,6,5
448,10.5,19,10,5,14,11,7,17,10,9,9,2,36,51,12,6
449,10.5,16,11,2,4,9,12,14,6,8,22,11,49,59,15,4
450,10.5,18,8,10,6,9,7,12,7,4,20,11,34,42,8,1
451,10.5,18,11,6,12,12,13,16,6,13,18,5,60,83,15,6
452,10.5,30,21,17,15,7,14,17,15,11,17,11,68,55,25,7
453,10.5,19,13,10,9,13,7,13,11,17,25,13,54,50,13,3
454,10.5,16,11,4,6,3,9,5,5,9,8,0,30,39,6,2
455,10.5,5,5,2,10,5,3,8,4,8,12,3,17,20,13,1
456,10.5833333333333,16,5,8,5,7,14,16,7,6,19,9,57,33,11,3
457,10.5833333333333,13,8,12,17,12,20,18,9,13,22,10,58,71,10,3
458,10.5833333333333,24,14,11,14,12,14,17,9,18,18,11,59,80,23,5
459,10.5833333333333,13,5,7,8,6,3,9,5,7,11,6,48,70,14,3
460,10.5833333333333,11,13,10,11,11,5,16,6,5,14,8,58,45,10,5
461,10.6666666666667,21,18,16,15,17,15,20,16,14,31,10,74,82,14,5
462,10.6666666666667,20,7,9,10,13,16,20,12,12,17,10,49,35,11,5
463,10.6666666666667,16,10,5,12,11,6,13,11,7,14,6,32,51,12,1
464,10.6666666666667,4,9,6,8,10,9,13,5,9,17,4,32,25,9,3
465,10.6666666666667,21,16,13,13,11,16,17,9,15,24,15,53,64,26,7
466,10.6666666666667,20,10,5,15,13,16,17,9,11,25,8,74,50,13,5
467,10.6666666666667,12,15,9,11,14,12,17,15,15,23,4,54,46,19,6
468,10.6666666666667,23,12,9,13,14,18,21,7,11,23,10,56,57,20,5
469,10.6666666666667,19,3,6,11,14,9,19,2,8,15,10,54,43,12,2
470,10.6666666666667,17,15,10,16,14,12,18,9,12,20,9,54,43,16,7
471,10.75,18,15,6,16,13,6,20,11,13,17,11,70,71,22,8
472,10.75,18,18,13,19,10,13,17,13,14,21,12,55,58,12,6
473,10.75,22,8,13,15,8,6,13,7,8,18,10,41,45,21,2
474,10.75,18,15,13,16,12,2,8,9,9,13,10,45,57,16,5
475,10.75,17,9,5,13,5,7,11,7,14,8,7,28,27,12,5
476,10.75,16,16,10,20,16,19,19,10,10,28,9,57,74,11,5
477,10.75,12,10,9,10,8,12,22,8,11,25,5,59,50,22,3
478,10.75,22,18,12,18,14,16,25,17,13,32,12,50,55,20,8
479,10.75,15,5,4,3,2,8,8,5,5,10,10,37,32,12,3
480,10.75,23,9,8,10,10,9,17,9,8,17,6,59,59,5,3
481,10.8333333333333,14,13,8,12,11,10,10,5,11,17,9,51,38,11,4
482,10.8333333333333,10,15,4,11,13,15,17,12,11,17,8,61,46,8,2
483,10.8333333333333,16,6,9,11,10,12,16,6,13,22,8,49,75,15,4
484,10.8333333333333,22,15,8,11,8,15,12,12,7,21,12,76,35,15,6
485,10.8333333333333,23,18,9,17,12,8,17,11,8,17,10,43,25,16,5
486,10.8333333333333,13,10,8,13,11,8,22,11,12,11,6,60,29,9,5
487,10.8333333333333,21,19,16,14,14,15,14,9,15,21,13,52,56,10,5
488,10.9166666666667,12,3,4,11,12,11,18,3,9,21,2,64,49,13,4
489,10.9166666666667,29,18,20,15,14,18,22,9,11,27,11,82,67,18,7
490,10.9166666666667,17,5,3,8,12,16,13,9,9,13,7,43,47,7,3
491,10.9166666666667,18,7,4,6,7,6,13,9,10,9,7,50,45,8,5
492,10.9166666666667,17,6,4,9,8,10,15,13,7,18,5,53,53,10,2
493,10.9166666666667,14,9,5,11,10,7,14,6,10,8,3,77,58,6,2
494,10.9166666666667,17,19,13,18,12,21,17,11,15,24,11,61,50,20,5
495,10.9166666666667,23,18,16,11,10,9,26,11,16,20,6,31,54,20,4
496,10.9166666666667,17,6,9,8,7,9,11,7,7,22,3,10,18,8,1
497,10.9166666666667,16,9,7,15,4,13,24,14,15,15,6,58,47,7,0
498,10.9166666666667,22,17,12,13,7,13,10,5,8,15,8,60,28,15,2
499,11,25,13,7,17,13,12,12,6,13,26,11,57,62,11,4
500,11,14,15,6,15,15,10,14,8,7,23,2,47,75,17,7
501,11,15,19,16,18,16,15,22,5,13,25,11,70,67,16,5
502,11,21,11,14,19,13,14,20,12,7,26,13,44,39,18,7
503,11,10,17,10,15,9,13,27,13,12,12,5,62,57,12,5
504,11,31,17,16,15,17,18,17,11,9,19,14,64,80,15,5
505,11,20,16,10,11,8,8,21,11,11,22,11,60,68,7,6
506,11,23,16,10,16,14,13,26,11,12,14,12,59,72,21,7
507,11,28,14,13,16,15,11,23,13,13,18,4,59,83,25,6
508,11.0833333333333,20,18,15,16,10,12,23,16,13,20,12,63,47,22,5
509,11.0833333333333,19,15,5,10,4,12,19,11,9,18,9,22,52,21,5
510,11.0833333333333,15,12,8,12,4,13,6,6,13,16,8,30,48,6,2
511,11.0833333333333,26,17,16,14,10,9,22,15,16,29,13,68,67,24,7
512,11.0833333333333,19,11,11,14,10,12,18,12,14,27,5,60,68,20,7
513,11.0833333333333,28,17,12,20,17,15,26,13,15,25,12,77,72,20,7
514,11.0833333333333,23,15,11,16,13,11,20,9,16,24,7,79,76,20,5
515,11.0833333333333,25,15,12,13,12,6,26,7,12,23,6,59,71,22,6
516,11.0833333333333,18,14,8,13,5,7,10,2,2,11,3,41,39,9,3
517,11.1666666666667,9,10,4,9,4,6,11,4,4,16,3,33,42,12,6
518,11.1666666666667,14,7,4,2,2,5,11,10,7,14,2,52,61,7,3
519,11.1666666666667,18,13,2,7,10,7,17,14,10,20,5,69,57,19,4
520,11.1666666666667,26,13,12,19,12,12,17,18,14,25,11,70,76,17,6
521,11.1666666666667,18,16,13,12,8,14,22,8,10,20,9,32,30,13,5
522,11.1666666666667,13,8,12,13,7,8,12,11,10,14,8,82,70,20,8
523,11.1666666666667,11,3,3,8,2,6,14,9,10,20,5,50,46,16,7
524,11.1666666666667,16,12,5,16,11,13,19,10,12,22,8,55,78,11,4
525,11.25,15,14,8,6,5,13,20,9,9,10,3,25,50,10,5
526,11.25,15,8,12,16,9,13,15,11,12,20,10,50,57,23,6
527,11.25,19,17,7,11,9,17,14,8,8,18,6,45,42,12,7
528,11.25,23,11,5,11,10,6,17,10,10,16,6,44,25,7,5
529,11.25,29,17,15,16,16,13,24,13,16,24,14,80,73,17,2
530,11.25,16,13,9,16,8,9,17,4,11,26,10,40,35,15,3
531,11.25,19,6,7,8,4,3,15,12,15,15,3,38,38,15,1
532,11.25,17,6,3,14,18,20,23,8,13,26,8,67,58,17,5
533,11.25,18,19,9,13,13,13,24,8,12,19,15,68,63,17,4
534,11.3333333333333,21,19,10,13,12,15,22,9,13,26,7,48,60,13,4
535,11.3333333333333,9,11,8,12,5,8,13,3,6,20,13,53,51,8,2
536,11.3333333333333,26,17,12,16,16,13,15,8,9,27,12,71,52,21,7
537,11.3333333333333,18,9,7,20,10,5,12,9,5,17,9,69,44,10,5
538,11.3333333333333,22,8,6,9,6,11,22,10,14,17,8,72,48,10,4
539,11.4166666666667,16,13,6,9,9,14,17,6,14,17,7,41,43,16,1
540,11.4166666666667,27,11,16,19,11,13,23,13,15,31,9,72,65,19,7
541,11.4166666666667,28,17,14,14,10,14,25,9,17,11,9,76,68,25,8
542,11.4166666666667,22,8,12,17,14,11,14,8,10,27,10,60,40,14,5
543,11.4166666666667,17,11,11,16,9,13,26,8,15,17,9,59,57,13,2
544,11.4166666666667,16,9,5,14,6,11,11,9,10,20,12,82,68,21,4
545,11.4166666666667,17,19,11,16,8,10,26,13,11,21,9,78,82,24,6
546,11.4166666666667,18,15,9,14,12,6,24,8,13,22,9,61,52,21,5
547,11.5,14,11,11,12,10,14,16,10,10,15,6,62,72,16,7
548,11.5,8,13,8,6,11,8,12,9,11,9,4,56,42,8,1
549,11.5,24,17,15,15,13,10,17,13,10,31,16,81,61,22,4
550,11.5,23,10,13,6,12,4,20,10,4,11,10,63,50,11,5
551,11.5,26,6,10,13,8,12,16,9,15,18,6,46,41,8,7
552,11.5,28,20,18,23,18,21,21,17,17,25,11,81,73,23,7
553,11.5,25,18,13,22,12,17,20,9,14,24,7,83,72,25,8
554,11.5,26,15,6,14,16,5,19,12,14,22,8,57,63,9,6
555,11.5,26,17,15,19,14,14,24,12,15,24,14,83,82,21,6
556,11.5,19,14,10,19,11,11,12,5,12,23,1,56,29,7,2
557,11.5,25,13,8,17,8,12,21,11,15,16,5,78,75,23,5
558,11.5,19,14,12,18,13,13,17,8,15,25,12,69,58,12,6
559,11.5,23,11,12,10,13,12,21,13,13,15,6,65,55,20,2
560,11.5,12,7,4,11,8,7,6,6,10,9,5,32,21,8,2
561,11.5833333333333,21,11,11,7,11,10,19,5,11,17,5,33,48,10,5
562,11.5833333333333,24,17,7,16,12,19,18,5,11,28,10,64,77,14,7
563,11.5833333333333,15,8,5,6,9,6,18,4,11,13,9,12,45,8,6
564,11.5833333333333,25,18,11,20,15,22,24,13,16,28,12,62,64,17,8
565,11.5833333333333,20,10,8,18,10,15,24,9,15,28,10,75,60,20,7
566,11.5833333333333,23,17,12,18,12,14,23,13,15,27,12,78,88,21,4
567,11.5833333333333,10,6,9,8,5,8,12,5,12,14,6,38,25,10,4
568,11.5833333333333,18,15,11,14,11,7,14,6,10,24,12,59,68,11,5
569,11.5833333333333,22,15,10,13,9,15,21,4,16,20,13,53,77,15,4
570,11.5833333333333,27,16,15,14,16,15,18,9,12,20,10,45,48,11,6
571,11.6666666666667,16,13,12,15,9,10,15,10,9,11,7,58,80,17,5
572,11.6666666666667,27,14,15,14,13,14,24,17,16,27,13,73,93,19,4
573,11.6666666666667,23,14,5,7,14,10,16,11,8,28,5,52,65,10,4
574,11.6666666666667,18,14,10,13,14,11,17,5,14,26,14,56,47,10,7
575,11.6666666666667,21,16,15,10,10,12,18,9,12,30,8,65,60,16,8
576,11.6666666666667,14,17,11,16,12,8,24,9,14,28,11,50,62,22,4
577,11.6666666666667,14,17,10,14,5,13,26,8,18,28,15,50,37,21,8
578,11.6666666666667,22,7,6,10,12,12,21,8,14,27,3,48,51,18,6
579,11.75,19,15,12,15,15,14,22,8,13,12,10,39,49,22,8
580,11.75,20,13,10,12,14,10,11,5,7,16,10,62,62,21,8
581,11.75,16,12,8,15,7,11,12,11,10,17,6,43,74,12,3
582,11.75,12,12,9,14,10,11,10,4,7,13,3,41,37,13,3
583,11.75,23,10,8,7,11,7,22,8,10,20,4,24,67,18,6
584,11.75,16,17,10,11,12,6,12,5,12,22,6,82,68,14,4
585,11.75,27,18,12,19,16,13,17,8,15,25,13,60,74,23,8
586,11.8333333333333,23,8,15,12,11,11,19,14,14,10,8,43,55,10,4
587,11.8333333333333,30,12,14,17,13,9,16,15,11,25,7,72,69,11,3
588,11.8333333333333,20,12,6,12,14,7,14,10,9,19,4,55,52,13,4
589,11.8333333333333,28,17,12,20,14,18,17,12,15,20,14,54,40,22,5
590,11.8333333333333,12,13,4,6,9,11,14,5,7,8,5,25,41,13,5
591,11.8333333333333,30,15,10,7,10,14,23,5,15,20,7,45,52,8,6
592,11.8333333333333,18,20,9,21,13,15,20,9,15,28,13,62,67,14,5
593,11.9166666666667,23,15,10,16,14,17,25,10,11,28,11,72,62,14,3
594,11.9166666666667,21,16,11,12,13,9,20,10,10,26,10,73,72,18,7
595,11.9166666666667,22,15,11,13,10,9,15,9,10,20,13,74,61,28,7
596,11.9166666666667,19,20,18,18,14,18,14,15,15,25,11,82,92,18,5
597,11.9166666666667,17,12,7,18,13,13,19,10,15,17,8,79,86,23,8
598,11.9166666666667,13,10,9,14,14,14,9,10,9,22,10,70,70,11,5
599,12,28,20,14,19,15,18,30,14,17,29,10,62,76,21,5
600,12,18,16,9,11,5,11,12,6,11,22,9,55,49,5,4
601,12,20,11,9,21,14,12,18,13,10,24,11,53,58,18,8
602,12,10,7,6,3,7,9,9,7,7,4,9,58,40,8,1
603,12,22,15,13,14,14,16,28,15,11,21,8,70,82,20,4
604,12,29,19,15,19,18,14,26,14,17,28,11,84,83,18,7
605,12.0833333333333,30,21,14,18,17,16,20,9,13,29,15,87,80,25,7
606,12.0833333333333,24,13,10,12,14,9,27,5,11,27,7,61,76,16,3
607,12.0833333333333,29,16,8,14,10,13,22,12,10,17,10,69,65,15,7
608,12.0833333333333,21,18,18,12,16,12,24,10,11,26,14,66,75,18,2
609,12.0833333333333,26,13,15,18,10,19,16,11,14,22,12,74,70,16,8
610,12.0833333333333,27,13,11,18,13,14,19,9,13,30,9,81,51,14,6
611,12.0833333333333,21,15,9,21,7,11,18,10,5,21,7,66,29,23,5
612,12.0833333333333,21,14,14,16,12,11,22,11,18,14,12,81,76,22,8
613,12.0833333333333,26,13,7,12,12,10,12,6,11,18,8,57,34,11,4
614,12.1666666666667,17,13,7,14,11,5,15,10,8,22,5,67,73,22,6
615,12.1666666666667,16,8,10,16,9,11,19,8,11,18,11,67,58,22,7
616,12.1666666666667,16,14,7,16,11,17,16,8,12,18,9,86,64,17,6
617,12.1666666666667,24,11,9,12,13,11,17,4,14,14,8,40,34,13,5
618,12.1666666666667,19,10,10,18,14,11,18,11,10,14,8,82,69,15,5
619,12.1666666666667,29,21,13,16,8,12,24,10,11,20,10,56,45,23,3
620,12.1666666666667,17,10,7,14,13,15,20,14,13,22,9,49,48,20,8
621,12.25,25,15,14,17,12,8,17,13,11,17,14,64,69,17,4
622,12.25,27,15,9,21,16,14,24,15,14,33,14,68,80,23,8
623,12.25,19,11,9,12,6,11,14,8,15,18,6,48,55,10,3
624,12.25,6,8,8,18,8,11,17,5,11,16,7,63,72,11,4
625,12.25,24,20,14,19,16,13,18,13,8,9,4,71,65,19,5
626,12.25,18,12,15,17,19,11,18,9,13,23,10,48,41,13,5
627,12.25,15,14,8,12,13,8,18,12,13,13,8,58,50,15,3
628,12.25,21,13,5,16,15,12,30,14,15,33,13,68,65,22,5
629,12.25,12,8,4,16,9,9,8,5,7,13,5,25,30,19,2
630,12.25,20,13,12,15,12,8,22,12,13,19,11,69,43,16,5
631,12.25,26,13,14,14,8,7,19,8,10,30,13,32,50,20,5
632,12.3333333333333,22,12,7,18,11,13,18,9,16,20,9,49,66,10,5
633,12.3333333333333,23,11,7,18,14,13,25,7,12,25,14,74,66,14,8
634,12.3333333333333,22,16,10,14,9,13,22,8,11,29,11,60,77,10,5
635,12.3333333333333,27,14,13,15,16,15,21,13,13,30,12,43,53,18,7
636,12.3333333333333,21,9,3,12,10,10,12,9,14,11,9,63,50,13,6
637,12.3333333333333,22,15,12,22,13,16,24,10,14,18,7,77,80,20,2
638,12.3333333333333,24,18,14,14,10,16,18,6,10,16,10,41,59,13,7
639,12.3333333333333,24,10,11,12,10,14,19,15,10,14,9,65,71,11,4
640,12.3333333333333,13,17,16,9,12,7,21,15,12,23,13,55,70,11,5
641,12.3333333333333,24,16,10,16,12,12,21,9,13,34,13,60,69,22,6
642,12.3333333333333,23,19,12,20,18,10,26,14,18,28,13,73,71,20,5
643,12.3333333333333,31,22,12,16,18,20,20,12,17,21,10,72,78,25,8
644,12.3333333333333,31,20,15,15,16,12,13,9,12,24,11,28,69,17,6
645,12.3333333333333,17,17,8,14,14,11,23,7,10,16,8,65,54,14,4
646,12.3333333333333,22,10,12,15,10,11,5,9,5,9,5,61,58,17,5
647,12.4166666666667,26,14,10,15,5,15,16,9,11,12,11,59,50,14,5
648,12.4166666666667,12,10,10,10,7,4,11,3,17,9,7,60,46,9,7
649,12.4166666666667,7,7,3,9,7,4,9,11,6,13,5,60,52,10,4
650,12.4166666666667,23,14,13,11,14,12,25,15,15,22,12,73,83,21,4
651,12.4166666666667,25,11,11,13,13,11,14,9,14,18,5,65,62,13,7
652,12.4166666666667,25,17,10,14,14,11,26,11,10,26,7,52,84,22,6
653,12.4166666666667,23,10,14,13,15,10,20,6,12,19,6,59,50,16,8
654,12.4166666666667,16,13,9,11,10,11,15,12,13,10,10,65,59,13,4
655,12.4166666666667,27,18,14,20,18,14,19,11,14,27,9,82,78,23,3
656,12.4166666666667,25,18,12,15,15,15,22,13,11,26,13,72,43,19,5
657,12.5,28,13,12,12,13,9,27,10,15,20,12,66,50,15,6
658,12.5,27,17,13,20,15,12,23,13,9,23,13,56,52,20,2
659,12.5,21,11,10,14,10,11,16,7,11,19,11,77,65,10,5
660,12.5,24,14,13,13,10,11,10,4,10,25,9,52,60,22,3
661,12.5,19,15,11,17,11,10,18,10,12,20,4,60,65,13,7
662,12.5,25,10,8,6,8,7,22,12,15,23,3,36,47,10,3
663,12.5,23,17,10,21,16,14,18,12,18,25,12,63,78,16,3
664,12.5,24,12,4,13,12,10,16,10,11,14,14,66,70,18,5
665,12.5833333333333,27,12,11,10,4,4,12,13,12,13,7,25,25,15,3
666,12.5833333333333,29,14,9,16,16,7,24,12,10,25,11,59,71,21,5
667,12.5833333333333,25,17,9,15,12,16,24,9,13,21,9,69,68,12,6
668,12.5833333333333,24,9,10,11,15,8,14,11,9,13,11,52,60,17,5
669,12.5833333333333,19,17,14,16,11,16,24,14,12,21,9,64,79,22,6
670,12.5833333333333,23,15,10,19,14,17,15,6,10,18,7,71,36,12,6
671,12.6666666666667,23,11,8,16,18,16,23,7,10,26,9,35,61,18,5
672,12.6666666666667,29,15,12,15,14,20,24,12,11,27,14,67,66,24,6
673,12.6666666666667,18,15,7,15,11,12,15,18,12,18,6,62,55,17,5
674,12.6666666666667,14,17,12,16,11,13,20,7,12,27,13,67,44,7,5
675,12.6666666666667,24,19,14,14,17,14,20,13,15,17,10,76,82,24,4
676,12.6666666666667,14,12,8,13,14,13,10,5,14,11,3,39,63,15,8
677,12.6666666666667,16,14,9,8,10,8,14,8,15,19,10,53,46,6,5
678,12.6666666666667,18,9,9,20,13,14,15,11,10,20,9,82,67,22,6
679,12.6666666666667,16,9,7,8,4,6,13,12,11,20,3,69,54,13,3
680,12.75,17,11,5,18,10,9,13,5,6,18,4,54,67,5,2
681,12.75,26,15,15,20,18,11,11,13,8,16,10,61,34,14,2
682,12.75,24,21,5,20,15,11,26,12,13,18,6,77,78,10,5
683,12.75,28,18,16,19,18,21,26,18,14,26,11,86,77,25,6
684,12.75,14,10,5,12,8,11,13,4,11,12,9,40,53,12,4
685,12.75,22,14,14,12,17,5,17,6,14,15,8,84,65,14,5
686,12.75,20,16,11,15,15,14,25,9,13,16,10,54,62,16,5
687,12.75,18,15,16,15,14,7,20,12,17,27,13,73,80,9,4
688,12.75,28,16,16,19,14,20,25,15,15,19,6,60,92,19,6
689,12.75,28,16,18,22,19,15,20,11,18,26,9,84,82,26,4
690,12.75,29,18,13,15,16,17,26,11,12,32,15,50,76,24,7
691,12.75,31,20,16,21,18,14,27,13,16,31,12,82,73,22,3
692,12.75,21,15,8,13,10,8,12,7,6,22,9,48,45,18,7
693,12.8333333333333,25,12,6,10,12,16,17,9,11,21,10,61,69,16,5
694,12.8333333333333,13,6,4,12,13,13,10,10,13,25,7,74,63,10,4
695,12.8333333333333,22,17,11,15,15,12,25,10,8,23,10,65,80,19,4
696,12.8333333333333,15,10,8,5,6,5,9,11,11,13,6,45,57,21,4
697,12.8333333333333,25,10,11,10,6,8,26,8,11,22,10,72,67,16,3
698,12.8333333333333,22,14,12,15,18,18,16,15,18,25,16,66,57,17,6
699,12.9166666666667,17,15,14,12,11,12,17,9,10,27,12,53,43,13,5
700,12.9166666666667,25,15,10,19,17,14,30,9,19,28,12,82,85,9,3
701,12.9166666666667,18,14,10,10,10,11,9,8,12,20,11,75,60,19,6
702,12.9166666666667,18,13,4,15,14,11,11,7,8,16,6,58,65,15,4
703,12.9166666666667,27,18,11,18,16,15,22,15,18,28,12,77,79,22,7
704,12.9166666666667,25,16,9,18,12,8,22,8,13,26,10,59,74,22,3
705,12.9166666666667,24,15,11,16,13,9,21,11,14,17,5,68,57,18,5
706,12.9166666666667,19,19,14,19,10,12,15,12,15,11,9,54,66,11,7
707,12.9166666666667,15,6,7,12,8,12,11,7,11,17,8,53,58,10,6
708,12.9166666666667,19,15,7,17,12,6,13,9,12,20,8,62,49,15,7
709,12.9166666666667,14,14,6,10,11,11,8,5,10,17,6,53,80,14,1
710,12.9166666666667,24,13,13,19,14,13,23,10,14,19,4,86,58,14,6
711,13,18,11,11,15,13,14,18,8,13,17,10,53,52,20,5
712,13,15,16,6,16,9,15,18,7,10,22,16,68,75,19,3
713,13,23,11,8,15,13,11,25,10,11,25,13,72,71,20,7
714,13,27,13,15,16,15,16,30,13,17,25,15,79,70,25,3
715,13,19,14,10,15,15,14,29,11,16,21,11,43,43,22,4
716,13,23,12,14,15,16,19,15,12,15,20,11,84,66,17,7
717,13,30,17,14,11,9,16,24,10,10,23,10,64,59,23,6
718,13.0833333333333,25,12,10,14,14,6,23,12,11,23,9,68,55,19,4
719,13.0833333333333,21,8,11,17,15,14,13,8,10,26,11,58,70,19,7
720,13.0833333333333,25,18,9,11,15,7,21,12,15,17,11,61,81,11,2
721,13.1666666666667,21,14,5,15,11,14,18,9,12,15,6,58,42,18,1
722,13.1666666666667,18,14,12,14,9,9,19,9,9,19,13,66,75,17,3
723,13.1666666666667,26,17,12,16,16,7,20,9,10,25,8,70,65,19,7
724,13.1666666666667,20,12,12,19,12,17,20,13,8,28,12,76,78,18,5
725,13.1666666666667,20,14,13,14,10,13,26,10,12,25,11,79,58,10,4
726,13.1666666666667,21,18,15,14,11,11,22,17,10,22,14,60,61,16,6
727,13.1666666666667,15,7,7,13,13,12,18,8,11,19,5,53,50,19,6
728,13.1666666666667,17,11,6,7,11,19,20,10,14,22,6,34,38,18,5
729,13.1666666666667,27,14,9,12,13,9,22,8,16,20,9,65,54,8,5
730,13.25,17,7,4,7,4,6,15,6,13,12,7,48,28,6,1
731,13.25,30,21,16,21,16,8,27,11,7,19,10,85,55,19,3
732,13.25,19,13,9,13,6,7,21,6,12,22,8,57,52,14,5
733,13.25,28,17,10,15,16,10,12,8,12,16,9,55,69,18,3
734,13.25,20,16,5,12,14,8,20,7,11,19,11,78,83,21,5
735,13.25,31,19,16,21,18,16,25,15,20,33,15,84,83,25,8
736,13.25,26,10,10,15,14,16,19,7,12,21,4,65,63,24,7
737,13.25,18,14,8,17,8,13,14,8,8,13,4,51,47,15,1
738,13.25,27,20,13,14,11,15,18,8,15,28,10,62,61,20,5
739,13.25,28,17,12,16,6,13,21,14,11,25,11,66,66,18,4
740,13.3333333333333,9,8,5,16,5,14,22,11,14,21,12,40,38,11,5
741,13.3333333333333,30,17,11,14,13,17,17,12,13,10,10,84,78,18,5
742,13.3333333333333,26,19,16,21,20,21,15,9,12,17,9,47,76,22,7
743,13.3333333333333,19,11,10,21,14,15,17,11,13,26,6,64,58,11,5
744,13.3333333333333,19,8,12,10,10,10,20,7,15,15,9,69,63,19,6
745,13.3333333333333,21,7,5,8,9,4,16,11,9,16,8,54,60,18,3
746,13.3333333333333,19,16,16,16,17,14,17,11,9,25,12,67,70,19,3
747,13.3333333333333,18,11,5,13,15,9,12,7,5,12,6,43,58,17,3
748,13.3333333333333,26,23,12,16,10,15,23,7,10,20,13,70,80,22,5
749,13.3333333333333,19,17,13,18,13,14,29,14,15,23,6,70,75,21,6
750,13.3333333333333,22,17,13,18,15,16,24,8,17,20,8,66,40,21,8
751,13.4166666666667,20,14,10,11,5,17,22,9,13,25,5,38,46,21,5
752,13.4166666666667,19,14,6,10,16,7,14,7,11,18,11,55,63,11,2
753,13.4166666666667,19,14,12,13,11,12,19,12,15,24,11,71,63,13,6
754,13.4166666666667,25,13,9,15,15,14,23,5,13,28,12,73,74,26,6
755,13.4166666666667,22,17,17,20,12,15,21,9,10,25,9,74,82,20,3
756,13.4166666666667,28,17,16,20,14,15,29,14,13,34,15,80,87,25,4
757,13.4166666666667,29,14,10,21,15,20,19,12,8,24,11,68,76,19,6
758,13.5,19,13,12,16,12,12,21,9,10,22,5,63,66,25,5
759,13.5,31,18,15,20,15,13,22,10,15,21,11,75,68,14,6
760,13.5,23,9,15,15,12,8,22,10,15,24,13,55,83,20,6
761,13.5,31,18,19,18,16,14,24,11,20,24,12,72,69,28,6
762,13.5,19,15,6,16,9,10,8,6,10,19,9,54,61,7,2
763,13.5,15,15,11,18,10,12,18,12,14,12,9,67,57,23,6
764,13.5,30,13,17,14,12,18,20,9,10,28,13,85,68,20,7
765,13.5833333333333,22,19,13,15,14,19,17,11,13,23,11,71,73,26,8
766,13.5833333333333,16,18,10,11,16,17,21,10,12,14,10,68,72,17,1
767,13.5833333333333,14,9,3,12,14,11,10,7,10,11,7,60,48,14,7
768,13.5833333333333,29,16,14,19,16,14,19,10,15,21,8,64,64,22,6
769,13.5833333333333,24,14,10,19,11,9,15,7,14,11,8,59,59,22,6
770,13.5833333333333,27,16,11,16,16,14,20,15,14,26,12,70,68,24,4
771,13.5833333333333,28,23,14,24,19,21,28,12,19,32,16,85,90,26,7
772,13.6666666666667,29,10,12,14,15,12,21,13,12,25,12,63,48,9,7
773,13.6666666666667,28,14,12,18,14,21,21,12,12,28,10,69,75,22,5
774,13.6666666666667,27,21,11,16,11,9,19,7,7,28,14,64,65,21,6
775,13.6666666666667,20,10,7,9,17,11,20,16,12,24,12,59,51,11,5
776,13.6666666666667,16,10,11,16,9,10,16,11,14,34,11,43,67,20,7
777,13.6666666666667,32,20,15,18,16,13,24,14,11,25,11,62,55,25,5
778,13.6666666666667,24,14,12,8,6,14,21,8,11,13,11,45,40,15,6
779,13.6666666666667,26,18,14,17,11,18,25,10,15,27,14,69,74,24,8
780,13.75,22,15,8,15,14,10,27,11,17,20,6,74,63,11,7
781,13.75,15,12,10,16,11,14,9,11,10,18,12,33,49,20,4
782,13.75,18,12,12,11,5,11,15,12,16,17,10,36,40,15,3
783,13.75,27,16,12,14,10,16,24,10,13,22,10,66,68,25,7
784,13.75,24,20,8,15,16,17,19,13,14,17,12,47,68,15,5
785,13.75,25,21,17,20,14,19,21,15,18,31,9,74,75,23,8
786,13.75,27,17,13,17,14,11,21,15,13,27,10,72,76,14,6
787,13.75,20,13,9,11,10,16,27,8,15,22,5,59,51,11,4
788,13.75,31,15,12,17,13,18,20,11,16,23,13,55,63,13,5
789,13.75,19,16,13,14,16,19,12,5,19,18,8,80,59,23,3
790,13.75,11,16,10,18,14,8,20,13,7,21,10,59,50,11,3
791,13.8333333333333,18,5,8,18,14,14,20,11,9,18,10,62,81,17,7
792,13.8333333333333,12,9,5,16,7,14,13,10,12,12,4,48,43,21,5
793,13.8333333333333,26,17,11,14,8,13,21,8,13,26,14,58,66,16,5
794,13.8333333333333,24,12,4,6,15,9,24,8,15,19,8,83,65,9,4
795,13.8333333333333,29,20,8,20,13,17,23,11,14,32,11,76,87,25,6
796,13.8333333333333,19,14,13,17,15,13,19,11,16,24,9,71,69,16,8
797,13.8333333333333,21,16,11,13,19,16,21,12,13,25,10,70,78,25,8
798,13.8333333333333,20,20,10,12,11,11,24,12,13,19,12,70,74,23,5
799,13.8333333333333,29,18,17,21,15,19,27,13,12,29,12,92,83,23,6
800,13.8333333333333,19,15,10,13,11,15,25,13,12,29,13,58,67,17,6
801,13.8333333333333,16,14,12,11,13,11,16,9,11,23,1,49,69,14,7
802,13.9166666666667,24,18,11,16,15,17,28,16,17,23,10,64,71,22,4
803,13.9166666666667,21,14,7,9,10,9,22,12,13,20,10,35,27,19,4
804,13.9166666666667,25,17,13,20,17,19,20,13,13,26,12,82,74,19,7
805,13.9166666666667,16,17,17,14,17,13,27,10,14,27,4,74,66,16,6
806,13.9166666666667,27,18,12,18,15,13,20,10,14,29,11,61,85,14,7
807,13.9166666666667,17,12,14,12,12,10,19,11,7,11,6,54,65,13,5
808,13.9166666666667,32,20,17,19,17,16,23,14,15,26,8,79,81,17,7
809,14,24,20,12,17,12,15,24,13,12,23,14,69,48,16,5
810,14,25,12,14,19,12,12,21,10,16,27,15,91,87,21,3
811,14,29,20,14,19,15,17,28,12,16,31,16,76,69,20,7
812,14,27,15,15,14,8,12,27,10,18,31,11,69,75,22,8
813,14,19,11,4,10,5,11,19,10,9,19,9,48,43,12,2
814,14,26,14,11,15,9,18,14,6,6,24,6,56,38,18,5
815,14.0833333333333,22,11,12,12,9,12,23,7,15,24,12,49,58,24,4
816,14.0833333333333,21,14,7,19,16,16,18,14,7,23,12,51,60,21,6
817,14.0833333333333,17,11,8,19,18,9,17,13,13,18,7,32,58,20,3
818,14.0833333333333,29,23,19,22,16,15,27,14,17,16,8,82,77,24,5
819,14.0833333333333,22,13,14,14,11,10,16,12,11,18,7,80,69,18,5
820,14.0833333333333,22,10,12,15,12,7,9,8,11,13,4,62,60,6,5
821,14.0833333333333,22,15,15,17,15,14,25,13,13,25,8,83,85,22,6
822,14.0833333333333,9,6,8,7,9,7,19,8,8,10,6,28,50,16,4
823,14.0833333333333,23,14,9,14,7,14,18,15,12,23,13,74,67,20,4
824,14.0833333333333,26,11,14,19,14,10,14,12,12,17,4,61,59,24,3
825,14.0833333333333,33,19,16,24,19,19,27,13,15,24,10,92,84,22,4
826,14.0833333333333,23,15,10,15,12,10,19,9,11,23,12,64,65,16,4
827,14.0833333333333,26,14,15,16,14,16,18,8,10,26,15,68,64,19,5
828,14.0833333333333,21,11,10,18,13,17,20,10,12,19,8,80,65,21,6
829,14.1666666666667,24,15,12,15,15,9,16,9,9,21,8,43,48,13,1
830,14.1666666666667,26,13,12,14,12,18,20,12,15,20,10,70,56,17,3
831,14.1666666666667,19,18,14,19,11,18,18,13,15,24,8,69,65,19,6
832,14.1666666666667,30,14,15,20,13,13,13,9,10,30,12,78,72,16,3
833,14.1666666666667,30,20,8,13,17,16,21,10,13,16,7,78,70,21,5
834,14.1666666666667,23,16,18,12,10,17,19,10,11,26,7,72,68,21,6
835,14.1666666666667,20,13,8,16,18,16,14,11,13,24,12,57,70,19,5
836,14.1666666666667,33,17,17,17,11,21,26,11,16,29,15,68,74,23,7
837,14.1666666666667,26,17,16,18,16,17,23,14,18,27,11,86,94,23,5
838,14.1666666666667,30,15,12,18,9,15,21,9,16,16,13,91,89,15,4
839,14.1666666666667,30,16,15,18,14,12,27,18,17,30,9,81,71,17,4
840,14.25,19,8,9,8,13,13,18,9,9,15,8,52,64,14,6
841,14.25,18,13,15,17,13,5,24,9,7,17,4,61,47,19,5
842,14.25,24,16,14,16,8,15,20,11,13,27,13,61,51,11,2
843,14.25,30,19,17,21,17,20,24,13,19,30,4,76,74,26,7
844,14.25,16,14,9,15,8,5,16,6,12,21,11,35,57,12,6
845,14.25,21,12,9,13,8,8,14,7,14,18,11,61,77,18,2
846,14.25,22,19,12,14,9,10,20,7,9,29,13,66,32,15,7
847,14.25,19,16,10,14,17,19,19,13,13,21,12,82,82,20,5
848,14.25,30,19,10,20,16,21,23,9,13,23,10,89,78,21,5
849,14.25,24,11,13,13,17,11,22,8,15,25,14,61,83,12,5
850,14.3333333333333,24,15,14,15,15,16,17,7,10,25,11,44,59,23,8
851,14.3333333333333,26,15,9,22,13,18,15,9,11,31,14,78,79,17,4
852,14.3333333333333,21,14,10,12,11,11,17,5,12,26,10,77,80,18,5
853,14.3333333333333,19,20,13,14,14,10,19,9,12,18,9,67,73,14,7
854,14.3333333333333,25,13,6,14,10,13,14,8,6,9,3,67,53,6,6
855,14.3333333333333,26,19,11,17,15,12,14,10,14,23,8,68,83,20,6
856,14.3333333333333,31,19,15,20,15,8,20,15,15,27,13,79,79,21,5
857,14.3333333333333,24,18,13,15,13,16,21,9,15,28,10,70,75,17,1
858,14.3333333333333,25,15,11,19,15,18,19,13,13,18,11,53,82,19,5
859,14.4166666666667,25,10,14,16,10,13,16,8,13,24,11,39,50,14,6
860,14.4166666666667,18,13,10,20,11,17,23,10,13,26,10,66,53,11,7
861,14.4166666666667,26,15,8,18,16,19,26,9,17,25,13,78,65,22,7
862,14.4166666666667,23,13,8,16,8,12,22,13,15,23,10,50,53,20,5
863,14.4166666666667,20,15,9,16,12,14,18,9,17,22,7,68,67,11,4
864,14.4166666666667,19,13,8,15,8,11,25,13,11,28,10,61,55,14,7
865,14.4166666666667,26,18,9,17,17,19,23,5,12,22,5,71,65,19,3
866,14.4166666666667,21,9,13,13,13,11,12,11,11,16,10,71,54,15,5
867,14.4166666666667,22,14,9,12,11,12,13,11,13,19,6,80,74,11,4
868,14.4166666666667,14,15,11,15,15,13,25,12,12,22,9,59,41,16,5
869,14.4166666666667,20,16,14,21,14,9,23,12,15,25,13,76,68,20,4
870,14.5,26,19,12,18,19,18,24,14,15,25,9,71,85,21,3
871,14.5,27,9,13,15,14,12,21,13,15,23,11,75,84,18,8
872,14.5,24,15,10,15,13,15,26,13,15,23,14,84,83,26,3
873,14.5,22,19,12,10,13,11,22,10,14,16,8,69,61,17,7
874,14.5,30,14,15,17,12,16,17,13,16,20,12,46,69,26,7
875,14.5,23,11,8,13,11,10,11,11,11,15,8,66,58,13,6
876,14.5833333333333,23,10,8,19,18,17,26,8,13,29,11,88,68,25,7
877,14.5833333333333,18,13,5,13,14,14,21,9,11,21,12,67,77,14,4
878,14.5833333333333,19,14,10,16,7,12,15,9,3,27,12,54,49,22,4
879,14.5833333333333,23,17,14,18,13,12,23,10,8,29,9,64,72,24,7
880,14.5833333333333,26,8,10,14,7,8,16,5,7,10,9,68,65,14,6
881,14.5833333333333,26,13,15,14,10,11,21,8,13,18,8,49,74,18,3
882,14.5833333333333,17,13,16,16,17,19,11,7,12,25,10,51,46,19,7
883,14.5833333333333,26,16,11,15,16,11,23,12,6,24,8,73,50,9,5
884,14.5833333333333,18,20,12,16,14,12,22,6,9,30,8,82,70,19,7
885,14.5833333333333,12,7,11,12,8,4,12,9,11,15,9,54,74,8,4
886,14.5833333333333,26,15,10,15,15,21,19,11,18,17,10,62,68,22,8
887,14.5833333333333,25,15,16,15,15,17,12,6,9,22,12,59,74,17,8
888,14.5833333333333,20,20,10,10,13,12,21,11,15,18,8,55,43,24,5
889,14.6666666666667,27,12,9,19,10,11,23,10,15,19,14,68,75,17,7
890,14.6666666666667,25,13,10,19,15,17,24,14,19,23,13,71,90,26,6
891,14.6666666666667,13,12,7,20,15,11,17,5,11,19,6,74,59,10,0
892,14.6666666666667,30,17,19,21,13,16,23,14,15,28,11,78,88,26,6
893,14.6666666666667,28,12,10,16,12,13,17,9,7,17,12,55,33,23,6
894,14.6666666666667,24,17,12,15,16,15,20,9,13,28,11,74,72,17,2
895,14.6666666666667,20,15,15,15,10,8,23,10,6,25,12,64,61,23,7
896,14.6666666666667,25,15,11,15,13,17,20,17,12,28,10,66,69,25,8
897,14.6666666666667,26,13,10,13,8,13,20,7,12,19,16,49,61,13,7
898,14.6666666666667,27,19,15,18,8,15,21,9,13,29,7,70,81,16,6
899,14.75,17,16,10,21,13,16,28,15,16,25,12,64,69,20,8
900,14.75,23,13,12,17,14,8,22,13,12,28,10,75,77,19,6
901,14.75,28,21,15,20,16,15,28,14,16,30,13,84,91,25,5
902,14.75,22,15,11,10,12,14,19,9,12,16,9,69,58,14,6
903,14.75,23,19,16,22,14,10,23,16,15,26,7,67,83,22,6
904,14.75,24,20,13,15,15,13,22,15,14,31,11,84,80,20,7
905,14.75,29,16,14,15,15,10,27,14,10,28,13,63,78,13,5
906,14.75,33,20,17,16,13,22,24,14,15,30,15,93,83,25,7
907,14.75,17,5,9,13,7,10,17,5,5,19,11,85,61,15,4
908,14.75,17,14,9,19,15,15,19,12,16,26,9,59,60,16,3
909,14.75,25,19,17,20,8,18,13,8,9,18,14,73,45,23,6
910,14.75,16,16,12,15,13,18,25,14,17,23,14,58,61,20,8
911,14.75,21,21,6,11,15,5,24,16,14,16,12,64,53,15,3
912,14.75,20,8,3,15,11,11,21,6,17,26,15,57,56,15,4
913,14.8333333333333,27,17,11,17,13,18,27,16,17,29,8,78,80,18,4
914,14.8333333333333,32,16,14,18,9,16,20,16,13,28,13,79,78,19,4
915,14.8333333333333,25,12,16,10,15,14,23,14,12,26,12,85,66,17,5
916,14.9166666666667,28,10,8,15,13,10,21,16,16,28,13,78,62,23,8
917,14.9166666666667,33,19,16,19,16,20,24,11,12,24,12,74,62,28,4
918,14.9166666666667,30,12,13,14,14,15,26,13,9,22,8,73,75,19,5
919,14.9166666666667,26,19,14,16,14,11,20,14,7,16,11,36,28,17,4
920,14.9166666666667,17,16,14,16,15,20,21,15,15,22,12,74,69,17,7
921,14.9166666666667,24,20,13,20,17,18,27,16,18,31,15,74,75,20,5
922,14.9166666666667,23,17,14,21,14,13,23,14,18,22,12,70,74,17,4
923,14.9166666666667,27,21,10,13,16,12,16,12,15,28,11,78,73,21,7
924,15,21,16,16,15,13,19,19,13,16,26,8,68,66,18,7
925,15,23,16,8,23,19,21,23,12,15,30,12,93,80,20,6
926,15,24,18,12,14,14,15,27,8,12,28,11,59,78,20,6
927,15,30,21,14,17,19,17,29,17,17,31,15,81,86,23,6
928,15,29,21,12,16,14,20,14,9,9,21,9,80,72,23,8
929,15,30,17,13,11,15,16,28,15,14,24,12,82,65,25,4
930,15,28,14,10,13,16,19,23,13,14,20,12,51,68,18,6
931,15.0833333333333,26,22,16,19,13,18,24,12,15,22,12,68,89,24,6
932,15.0833333333333,22,18,9,11,11,11,13,7,8,15,2,42,58,11,4
933,15.0833333333333,24,14,8,12,11,16,20,7,14,28,12,70,67,19,3
934,15.0833333333333,20,13,13,14,10,9,19,16,13,9,10,58,58,18,6
935,15.0833333333333,18,13,13,18,6,15,17,13,12,20,8,60,66,22,8
936,15.0833333333333,27,17,13,17,12,15,26,13,20,24,13,57,83,25,7
937,15.0833333333333,30,19,14,14,17,10,26,17,8,31,11,69,60,19,4
938,15.0833333333333,23,16,10,18,12,17,12,9,12,28,7,75,58,23,8
939,15.0833333333333,18,15,13,14,16,14,23,12,13,14,10,55,77,20,6
940,15.0833333333333,28,12,9,14,9,10,25,10,11,24,11,59,72,22,7
941,15.0833333333333,24,13,7,16,16,15,16,10,11,23,8,60,66,14,7
942,15.1666666666667,22,16,14,10,13,13,21,11,14,24,8,61,54,19,6
943,15.1666666666667,21,18,13,20,12,12,21,11,14,23,10,58,54,27,8
944,15.1666666666667,14,11,8,15,14,15,26,11,11,19,10,72,71,10,5
945,15.1666666666667,21,18,15,19,10,14,24,10,14,19,11,73,74,19,4
946,15.1666666666667,21,17,4,16,14,13,25,13,14,21,8,73,83,15,4
947,15.1666666666667,31,20,16,17,15,19,27,17,16,19,6,50,56,21,8
948,15.1666666666667,24,16,13,14,9,11,12,11,10,24,10,83,93,23,5
949,15.1666666666667,22,10,6,14,15,14,21,13,18,16,9,52,19,19,5
950,15.1666666666667,30,16,18,15,16,15,26,12,17,25,13,72,75,18,8
951,15.1666666666667,18,19,13,17,15,18,16,13,10,31,8,75,79,21,2
952,15.25,28,21,17,19,16,19,22,11,9,33,12,63,85,19,7
953,15.25,21,13,18,18,13,13,15,8,12,25,12,74,66,20,6
954,15.25,29,14,16,17,11,13,29,12,17,33,14,83,68,23,5
955,15.25,28,18,13,12,13,18,20,11,11,21,8,50,65,24,3
956,15.25,23,20,13,15,14,18,22,10,18,29,13,72,78,21,4
957,15.25,23,15,14,13,9,17,20,10,12,31,12,76,61,17,6
958,15.25,20,17,15,21,14,14,27,14,14,27,14,81,85,18,6
959,15.3333333333333,15,11,8,13,7,9,11,8,8,14,6,64,79,11,2
960,15.3333333333333,21,19,10,21,13,14,22,8,19,20,13,71,50,15,5
961,15.3333333333333,16,12,7,10,12,15,15,8,13,13,11,54,58,16,7
962,15.3333333333333,32,21,16,23,11,19,21,13,16,33,15,82,77,23,7
963,15.3333333333333,27,17,18,20,15,18,25,13,16,24,11,70,68,22,5
964,15.3333333333333,27,14,9,21,16,15,25,15,15,21,12,74,66,15,6
965,15.3333333333333,31,21,12,23,19,22,28,16,19,35,16,88,84,23,6
966,15.4166666666667,26,21,9,13,12,17,25,13,19,29,9,73,89,18,6
967,15.4166666666667,28,18,16,17,15,17,18,12,15,19,11,79,86,27,8
968,15.4166666666667,21,15,11,14,14,14,27,10,9,22,9,66,59,11,5
969,15.4166666666667,21,21,12,17,17,16,20,10,11,17,4,76,68,17,7
970,15.4166666666667,28,17,10,20,13,22,21,13,20,30,13,76,95,24,7
971,15.4166666666667,31,18,17,20,16,17,31,15,13,17,13,89,89,23,6
972,15.4166666666667,32,17,16,20,19,22,25,17,17,26,10,90,89,20,6
973,15.4166666666667,24,17,14,15,11,13,16,5,9,25,11,70,68,20,5
974,15.4166666666667,15,5,4,15,13,13,10,7,11,24,6,52,51,9,5
975,15.5,20,16,13,13,15,10,21,15,10,24,13,67,80,23,8
976,15.5,28,19,16,23,16,16,24,13,14,17,10,45,76,19,6
977,15.5,24,20,8,21,15,21,23,13,15,29,14,91,89,27,7
978,15.5,26,20,10,19,14,15,24,11,17,21,10,72,78,14,7
979,15.5,27,15,14,20,16,15,17,4,11,19,13,75,90,23,7
980,15.5,20,8,13,18,15,9,21,12,13,23,4,62,60,22,8
981,15.5,22,19,9,17,12,13,25,13,12,30,10,84,88,18,5
982,15.5833333333333,20,13,12,14,15,18,17,12,17,16,11,71,63,15,5
983,15.5833333333333,28,20,17,17,15,20,31,7,18,28,13,77,75,24,7
984,15.5833333333333,23,12,14,13,12,9,20,12,15,21,7,58,81,12,8
985,15.5833333333333,35,20,15,20,17,19,22,13,15,26,12,82,84,20,7
986,15.5833333333333,17,12,5,15,10,17,18,11,12,16,13,80,78,16,8
987,15.5833333333333,26,18,17,19,17,17,28,18,14,33,12,59,73,21,6
988,15.5833333333333,17,14,9,12,12,10,19,11,10,21,10,59,65,11,8
989,15.6666666666667,25,14,10,16,12,11,25,11,13,30,10,65,60,20,8
990,15.6666666666667,15,8,5,10,13,12,15,5,12,28,6,44,52,16,6
991,15.6666666666667,25,18,16,17,17,17,26,10,16,20,9,79,75,18,5
992,15.6666666666667,15,14,11,14,11,14,23,9,12,21,5,44,30,16,2
993,15.6666666666667,25,17,12,17,11,8,26,12,16,21,6,80,65,15,8
994,15.6666666666667,20,12,11,9,4,6,16,13,12,25,5,63,77,14,7
995,15.6666666666667,24,14,11,17,13,13,23,8,18,14,9,67,64,18,3
996,15.6666666666667,23,18,10,16,9,14,25,14,15,26,6,84,80,20,6
997,15.6666666666667,17,7,4,10,8,15,27,9,13,9,10,51,54,13,3
998,15.6666666666667,28,17,13,14,14,15,23,10,15,31,15,72,55,25,5
999,15.6666666666667,32,19,16,20,13,15,19,9,15,32,10,84,78,23,6
1000,15.6666666666667,30,20,15,18,12,18,26,14,16,22,14,71,76,25,5
1001,15.75,21,18,18,12,11,12,13,10,16,19,12,67,74,16,5
1002,15.75,28,19,14,13,17,10,25,16,16,24,6,70,90,23,5
1003,15.75,28,15,10,12,11,12,24,12,9,32,9,67,82,24,6
1004,15.75,18,12,8,19,15,10,19,15,11,31,11,78,66,16,5
1005,15.75,27,19,13,20,18,14,28,12,15,32,15,83,72,21,6
1006,15.75,24,10,16,18,19,15,26,13,19,24,11,79,76,21,7
1007,15.75,28,16,14,13,10,16,25,18,13,11,12,62,71,17,6
1008,15.75,30,22,12,19,15,13,30,16,18,28,14,95,84,27,8
1009,15.75,26,19,16,19,16,18,19,11,10,29,12,88,80,22,5
1010,15.75,21,12,7,12,11,13,16,7,8,28,2,65,60,12,2
1011,15.75,18,15,6,15,12,13,17,7,10,18,11,75,85,11,6
1012,15.8333333333333,26,22,17,22,16,22,24,16,17,22,13,81,90,27,6
1013,15.8333333333333,18,17,11,12,8,6,16,3,7,22,10,68,64,17,4
1014,15.8333333333333,18,15,8,18,11,9,18,6,16,22,7,69,61,24,5
1015,15.8333333333333,21,16,15,17,14,12,20,13,18,21,13,64,70,14,8
1016,15.8333333333333,27,16,13,19,16,15,24,18,12,13,14,69,77,19,7
1017,15.8333333333333,28,20,15,19,17,18,21,17,17,28,16,82,83,23,7
1018,15.8333333333333,23,14,11,16,17,10,24,11,8,20,8,59,45,14,5
1019,15.8333333333333,28,19,18,18,13,19,13,15,16,23,14,70,78,22,8
1020,15.8333333333333,32,15,12,23,15,16,27,12,18,29,13,82,77,22,7
1021,15.9166666666667,17,16,12,9,10,9,14,7,8,20,8,69,62,14,7
1022,15.9166666666667,27,12,16,16,19,16,19,9,15,25,13,62,80,19,8
1023,15.9166666666667,30,16,16,22,16,17,27,11,13,30,11,93,81,25,6
1024,15.9166666666667,26,17,11,18,13,13,14,13,14,28,10,72,79,22,5
1025,15.9166666666667,25,18,4,19,13,12,16,14,12,18,14,64,66,19,5
1026,15.9166666666667,20,14,14,13,8,14,27,13,16,18,7,55,80,24,6
1027,15.9166666666667,31,22,17,23,17,19,26,19,17,35,14,80,81,20,7
1028,15.9166666666667,32,16,16,12,15,13,18,13,12,31,11,72,62,11,6
1029,15.9166666666667,23,12,8,15,14,16,21,9,16,30,9,77,78,16,4
1030,15.9166666666667,27,19,16,17,15,15,17,13,14,23,7,69,58,19,5
1031,15.9166666666667,30,23,18,19,18,18,29,17,15,22,12,77,82,20,7
1032,15.9166666666667,20,10,10,13,8,9,13,11,12,19,6,69,79,11,6
1033,15.9166666666667,25,17,13,15,17,11,27,12,11,27,15,75,73,17,5
1034,15.9166666666667,32,21,19,19,18,13,25,13,13,31,15,83,65,16,6
1035,16,28,17,13,19,8,14,23,13,17,28,5,76,78,14,6
1036,16,15,16,14,17,14,17,25,9,15,15,9,67,70,24,5
1037,16,23,19,11,15,13,17,27,12,10,18,6,73,85,22,6
1038,16,27,21,13,16,12,16,18,15,14,26,14,82,59,13,7
1039,16,29,16,14,19,18,16,27,13,13,18,9,79,85,19,8
1040,16,25,12,9,16,10,13,10,6,7,27,10,69,60,20,5
1041,16,28,16,19,22,16,22,27,17,14,31,11,83,92,16,3
1042,16.0833333333333,26,14,11,15,14,9,21,13,17,23,15,84,80,24,4
1043,16.0833333333333,30,15,19,21,15,19,20,12,17,26,13,78,73,24,6
1044,16.0833333333333,24,20,18,20,13,11,26,10,14,18,12,88,82,19,7
1045,16.0833333333333,21,18,9,19,19,16,22,13,16,27,12,60,62,21,8
1046,16.0833333333333,31,17,16,17,16,19,21,10,14,30,10,84,80,14,3
1047,16.0833333333333,29,20,11,19,18,20,20,16,17,29,14,67,83,22,6
1048,16.0833333333333,25,20,17,16,14,13,24,15,15,20,11,50,49,22,6
1049,16.1666666666667,26,20,15,21,18,15,24,10,17,30,13,83,84,25,6
1050,16.1666666666667,31,20,12,18,17,19,24,11,19,29,11,93,88,23,7
1051,16.1666666666667,27,21,14,17,14,15,27,18,19,28,15,73,75,19,8
1052,16.1666666666667,21,17,5,17,16,14,23,7,15,27,13,65,79,22,6
1053,16.1666666666667,15,17,8,21,11,7,12,8,7,13,5,81,79,8,4
1054,16.1666666666667,28,19,14,16,20,19,29,11,9,19,11,77,83,28,6
1055,16.25,25,15,11,18,15,14,25,12,8,10,9,72,58,25,6
1056,16.25,21,13,13,14,12,18,21,15,12,18,5,69,81,18,8
1057,16.25,30,19,17,20,13,16,24,9,11,36,13,88,83,21,8
1058,16.25,31,17,12,23,19,23,27,9,15,24,14,77,80,20,6
1059,16.25,28,14,12,17,11,16,18,14,10,22,7,75,67,19,8
1060,16.25,20,15,7,17,8,17,19,7,13,20,13,53,60,14,5
1061,16.3333333333333,20,12,15,15,16,13,15,6,10,18,6,65,66,18,6
1062,16.3333333333333,21,16,11,18,15,14,22,10,15,14,4,54,81,23,3
1063,16.3333333333333,25,22,15,12,8,6,22,17,15,21,11,75,88,23,8
1064,16.3333333333333,28,20,15,20,17,15,25,16,16,24,6,78,91,22,5
1065,16.3333333333333,25,19,13,19,14,17,26,16,16,28,12,78,90,22,6
1066,16.3333333333333,24,14,8,20,17,12,25,12,16,22,10,34,57,24,4
1067,16.3333333333333,24,14,10,13,14,15,19,15,16,26,14,77,82,19,4
1068,16.4166666666667,22,18,7,16,8,8,23,14,17,23,8,71,75,22,5
1069,16.4166666666667,29,17,12,17,10,14,21,14,16,30,11,75,88,26,7
1070,16.4166666666667,21,11,13,15,13,17,18,12,12,17,15,76,74,8,7
1071,16.4166666666667,27,15,14,17,16,15,24,12,17,27,13,90,87,25,5
1072,16.4166666666667,25,14,8,18,11,14,19,12,15,22,13,90,84,24,4
1073,16.4166666666667,31,14,13,9,10,14,23,9,16,16,6,54,48,16,4
1074,16.5,28,17,11,13,16,14,19,12,10,27,8,62,64,17,7
1075,16.5,22,13,7,16,10,16,22,10,11,16,5,65,83,22,4
1076,16.5,27,13,10,12,11,8,15,8,14,16,14,69,83,21,4
1077,16.5,27,18,12,20,13,14,25,10,10,24,13,73,79,24,7
1078,16.5,23,16,15,14,12,10,18,10,14,22,13,79,75,15,8
1079,16.5,24,20,9,16,9,14,18,6,9,26,12,75,63,19,4
1080,16.5,28,20,15,17,14,19,24,13,16,31,14,78,83,22,5
1081,16.5833333333333,29,16,15,16,13,15,24,13,12,30,12,81,80,16,4
1082,16.5833333333333,21,16,14,9,11,17,21,13,11,26,8,72,80,17,6
1083,16.5833333333333,24,21,13,19,15,12,25,15,18,27,13,87,85,18,6
1084,16.5833333333333,24,18,13,21,19,16,24,13,16,24,12,88,82,25,6
1085,16.5833333333333,22,15,19,17,7,15,19,13,12,20,9,58,63,17,5
1086,16.6666666666667,31,16,11,17,9,13,24,11,15,26,9,85,81,23,6
1087,16.6666666666667,30,17,15,20,19,17,30,11,17,33,14,77,86,22,8
1088,16.6666666666667,9,6,13,4,16,10,8,6,9,22,3,25,52,10,7
1089,16.6666666666667,21,20,16,20,13,11,20,15,14,24,11,59,75,20,5
1090,16.6666666666667,25,18,13,20,18,15,24,14,16,29,14,84,90,24,7
1091,16.6666666666667,18,13,11,20,12,13,22,10,13,23,10,79,58,15,4
1092,16.6666666666667,21,16,10,20,16,15,19,18,12,28,13,84,89,24,5
1093,16.6666666666667,29,22,16,23,12,18,24,15,15,31,15,81,74,23,7
1094,16.6666666666667,30,16,13,19,15,19,26,15,20,21,13,77,87,21,4
1095,16.6666666666667,30,18,12,16,15,19,21,10,14,28,14,86,60,22,7
1096,16.75,32,18,16,20,20,18,19,12,16,26,8,83,79,20,8
1097,16.75,20,18,14,15,12,14,27,16,12,25,11,81,79,19,2
1098,16.75,26,14,11,11,14,18,23,16,14,24,8,43,65,21,5
1099,16.75,18,14,7,16,11,6,25,11,14,19,9,66,74,15,5
1100,16.75,20,8,12,19,12,11,15,5,13,23,6,69,74,9,3
1101,16.75,24,21,10,16,15,19,26,11,11,24,10,80,78,16,7
1102,16.75,31,19,18,19,14,21,27,19,13,28,13,80,80,28,7
1103,16.75,29,22,17,20,16,22,21,13,9,21,14,79,85,20,7
1104,16.8333333333333,21,14,11,15,18,10,10,10,9,25,10,72,73,16,8
1105,16.8333333333333,27,22,15,18,18,15,23,15,19,36,12,81,92,26,8
1106,16.8333333333333,11,6,5,14,4,8,13,6,10,11,1,22,39,8,4
1107,16.8333333333333,19,14,15,16,12,14,18,10,15,21,13,46,73,16,5
1108,16.8333333333333,29,15,13,13,19,17,27,11,16,24,11,78,93,11,4
1109,16.8333333333333,29,17,17,17,18,20,22,13,12,30,13,76,79,28,7
1110,16.8333333333333,30,20,14,17,13,15,22,6,7,25,7,51,50,25,4
1111,16.8333333333333,26,20,17,22,19,19,19,9,15,30,15,72,80,24,7
1112,16.9166666666667,9,8,9,20,11,11,22,6,16,22,5,81,59,20,3
1113,16.9166666666667,29,23,15,19,16,17,23,13,17,28,13,85,62,20,8
1114,16.9166666666667,33,23,7,9,8,20,20,7,11,17,13,82,54,16,5
1115,16.9166666666667,27,18,16,14,12,15,27,11,16,14,13,86,59,26,6
1116,17,24,12,10,19,12,11,17,11,11,20,8,56,60,16,4
1117,17,25,20,9,11,13,16,18,10,15,20,6,77,79,16,5
1118,17,23,16,10,19,9,20,20,16,16,24,13,60,64,23,4
1119,17,25,18,16,17,13,13,23,8,13,29,14,77,76,27,5
1120,17,30,20,14,21,15,22,31,11,11,27,13,60,51,25,6
1121,17,11,6,3,10,6,9,25,6,8,12,13,74,50,13,4
1122,17.0833333333333,26,20,16,19,14,13,24,11,12,33,10,88,89,27,7
1123,17.0833333333333,22,15,13,22,15,14,21,16,16,24,9,81,72,23,7
1124,17.0833333333333,31,12,11,18,17,19,16,15,14,24,7,76,84,14,3
1125,17.0833333333333,29,20,14,18,11,14,21,13,16,27,10,80,81,22,4
1126,17.0833333333333,24,11,11,11,12,14,17,13,16,22,8,72,81,21,6
1127,17.0833333333333,20,15,13,13,15,9,17,11,14,15,11,58,45,16,4
1128,17.0833333333333,30,20,14,14,16,14,21,20,15,34,16,82,88,28,7
1129,17.0833333333333,23,13,13,17,15,15,19,5,13,13,9,47,35,16,6
1130,17.0833333333333,30,18,16,17,18,16,22,11,15,29,7,74,78,17,7
1131,17.0833333333333,28,21,14,19,13,14,20,12,8,30,13,86,72,20,8
1132,17.0833333333333,26,14,5,18,13,14,20,8,9,15,4,48,59,18,5
1133,17.1666666666667,21,12,13,12,9,10,28,13,13,27,10,67,79,21,7
1134,17.1666666666667,21,16,11,16,15,13,10,13,14,26,12,48,61,17,4
1135,17.1666666666667,26,14,10,16,12,13,12,10,13,20,14,71,70,27,8
1136,17.1666666666667,16,16,8,17,13,13,20,11,10,12,6,66,59,9,3
1137,17.1666666666667,15,15,10,17,13,10,22,13,16,23,12,79,60,18,3
1138,17.1666666666667,28,19,16,22,20,16,19,13,16,27,14,83,64,22,6
1139,17.1666666666667,27,11,11,18,13,16,24,12,13,26,10,70,91,18,6
1140,17.1666666666667,21,16,12,21,16,22,13,13,14,28,10,79,81,22,7
1141,17.1666666666667,30,19,12,22,16,19,27,15,18,24,11,80,91,28,5
1142,17.1666666666667,20,8,13,13,13,14,21,12,14,20,9,66,60,21,8
1143,17.1666666666667,25,15,4,13,12,15,18,11,12,20,11,62,42,16,8
1144,17.25,19,17,16,19,14,17,17,17,13,17,11,60,83,19,8
1145,17.25,29,18,16,19,15,17,21,17,19,29,11,68,73,22,7
1146,17.25,23,12,11,16,12,14,13,15,11,28,8,85,80,27,6
1147,17.25,14,9,8,15,8,7,15,14,11,22,6,41,45,9,3
1148,17.25,26,15,12,14,13,17,17,13,14,28,15,90,77,21,7
1149,17.25,15,15,8,19,11,10,27,15,14,24,12,78,87,17,6
1150,17.25,30,16,18,21,16,19,23,6,13,24,10,76,76,22,7
1151,17.25,22,16,17,20,17,13,23,12,15,20,14,74,58,18,7
1152,17.25,27,15,9,19,20,22,24,10,14,30,13,88,83,25,6
1153,17.25,31,19,18,19,14,18,23,16,16,28,11,61,69,27,6
1154,17.25,24,22,11,20,19,19,21,13,17,31,14,58,62,21,6
1155,17.25,30,19,17,12,10,11,22,17,13,28,14,66,57,26,6
1156,17.25,29,20,18,14,19,14,28,14,19,19,15,89,89,18,8
1157,17.25,23,14,9,13,11,9,24,13,14,20,12,77,66,24,5
1158,17.25,26,19,16,12,12,16,23,18,13,28,11,82,75,19,8
1159,17.3333333333333,22,19,17,18,16,16,20,10,14,18,12,77,83,19,6
1160,17.3333333333333,24,16,12,17,12,14,30,14,15,30,14,58,68,21,6
1161,17.3333333333333,25,11,9,21,14,19,19,15,15,23,11,54,58,26,6
1162,17.3333333333333,31,21,18,19,10,18,30,18,16,28,9,62,84,26,7
1163,17.3333333333333,27,19,14,23,17,18,26,17,15,30,16,77,72,24,6
1164,17.3333333333333,24,20,16,15,7,9,22,13,9,26,13,50,55,18,5
1165,17.3333333333333,17,11,9,15,17,13,18,12,15,23,9,69,82,15,3
1166,17.4166666666667,18,16,16,12,10,13,16,5,10,17,8,26,44,16,7
1167,17.4166666666667,27,12,15,12,13,8,15,7,10,26,14,83,68,15,6
1168,17.4166666666667,28,16,8,20,17,17,20,9,12,20,14,72,76,18,4
1169,17.4166666666667,25,18,13,20,17,16,22,14,16,26,12,81,84,13,7
1170,17.4166666666667,25,18,11,20,16,19,19,10,12,28,14,71,83,22,7
1171,17.4166666666667,29,21,14,11,11,12,25,9,14,31,12,81,79,17,4
1172,17.4166666666667,23,19,14,19,15,12,21,14,18,31,16,80,95,26,8
1173,17.4166666666667,22,16,12,19,17,18,30,10,19,23,10,84,82,24,8
1174,17.4166666666667,25,16,12,11,12,19,25,12,18,25,14,70,78,27,7
1175,17.5,20,14,9,10,13,14,22,8,12,15,8,79,77,20,6
1176,17.5,21,17,10,14,11,17,23,8,12,19,11,64,59,21,7
1177,17.5,19,18,11,15,14,16,18,15,12,19,12,63,78,14,7
1178,17.5,23,19,9,19,13,20,21,12,16,24,11,55,59,23,8
1179,17.5,30,21,14,19,17,15,19,13,12,22,12,88,86,25,6
1180,17.5833333333333,26,21,13,22,14,19,27,13,18,29,14,78,62,23,7
1181,17.5833333333333,29,16,17,20,9,18,22,8,10,21,16,80,66,24,7
1182,17.5833333333333,26,15,14,17,11,12,26,11,13,31,12,46,63,16,6
1183,17.5833333333333,21,13,12,12,10,12,24,8,17,26,13,67,70,14,7
1184,17.5833333333333,25,15,13,20,14,11,23,14,18,25,7,82,65,20,5
1185,17.5833333333333,28,11,18,13,17,13,23,15,10,16,12,78,79,20,7
1186,17.5833333333333,21,14,7,14,16,11,15,9,8,17,12,81,58,18,6
1187,17.5833333333333,30,16,15,20,16,10,29,14,12,27,7,68,74,23,5
1188,17.5833333333333,26,12,15,6,14,11,22,11,13,18,10,71,87,15,6
1189,17.5833333333333,26,19,14,18,11,12,26,11,14,29,13,84,97,25,8
1190,17.5833333333333,26,16,8,18,15,18,19,12,11,34,12,63,71,19,4
1191,17.5833333333333,21,17,8,17,14,18,29,15,19,27,12,59,59,17,7
1192,17.6666666666667,27,21,13,19,16,23,17,13,15,30,11,70,81,24,5
1193,17.6666666666667,23,9,13,21,20,21,21,13,17,29,13,74,88,20,8
1194,17.6666666666667,26,23,14,19,19,18,21,9,13,28,16,66,66,23,7
1195,17.6666666666667,18,10,16,21,15,16,19,11,15,20,12,80,75,26,6
1196,17.6666666666667,31,21,16,20,15,19,29,16,17,31,14,79,82,25,8
1197,17.6666666666667,29,21,12,21,18,19,19,16,13,27,14,80,82,24,7
1198,17.6666666666667,30,18,11,19,13,18,20,11,16,15,6,49,89,12,5
1199,17.6666666666667,33,20,12,17,17,18,15,11,17,22,11,86,85,20,6
1200,17.6666666666667,30,18,10,20,20,14,25,10,16,31,10,68,77,24,7
1201,17.75,26,17,10,13,13,16,12,9,14,25,8,78,59,19,1
1202,17.75,28,22,16,17,17,15,28,14,17,28,12,77,90,26,8
1203,17.75,20,19,14,15,17,16,29,14,15,31,9,91,88,24,6
1204,17.75,25,12,10,19,12,20,22,15,17,32,11,56,57,20,7
1205,17.75,30,17,15,11,15,11,14,11,13,26,14,80,82,21,7
1206,17.8333333333333,19,18,16,20,15,17,23,11,10,31,10,50,64,24,4
1207,17.8333333333333,25,16,15,12,7,11,23,10,13,25,13,87,78,18,8
1208,17.8333333333333,25,17,12,22,17,20,23,9,15,32,8,54,77,21,6
1209,17.8333333333333,23,16,13,13,14,15,19,15,19,30,10,79,85,12,6
1210,17.8333333333333,29,18,15,17,14,16,22,11,13,23,12,58,46,20,7
1211,17.9166666666667,21,17,14,17,15,18,12,8,14,32,11,60,63,15,4
1212,17.9166666666667,29,15,13,17,14,15,25,12,15,26,11,61,60,24,8
1213,17.9166666666667,25,20,10,15,11,19,26,16,17,24,8,84,71,23,6
1214,17.9166666666667,25,13,15,17,13,16,18,13,16,24,8,83,82,15,6
1215,17.9166666666667,28,19,13,15,13,18,22,14,16,30,15,77,75,26,6
1216,17.9166666666667,23,22,15,20,10,14,18,18,14,29,13,70,78,20,7
1217,17.9166666666667,20,10,12,16,10,15,17,4,13,24,7,27,57,13,5
1218,18,26,14,7,13,12,12,22,5,16,22,11,73,49,24,8
1219,18,25,19,10,18,12,15,15,11,12,18,11,71,76,23,6
1220,18,23,17,10,22,16,16,24,13,13,25,12,69,68,26,8
1221,18,29,17,13,23,18,18,21,10,15,25,13,77,73,23,7
1222,18,27,19,16,18,14,12,20,17,9,25,12,80,82,22,7
1223,18,23,22,14,18,19,19,24,10,15,19,12,80,75,19,6
1224,18,14,9,7,18,8,15,12,12,14,22,8,70,71,15,5
1225,18,29,23,15,18,19,17,20,16,16,26,13,66,63,23,8
1226,18.0833333333333,27,14,10,17,15,19,21,12,12,34,10,83,79,24,5
1227,18.0833333333333,21,12,14,17,11,16,19,12,13,25,11,84,80,16,7
1228,18.0833333333333,29,19,11,16,16,17,21,6,11,30,13,81,82,17,7
1229,18.0833333333333,25,17,13,21,12,11,17,9,14,26,12,58,57,19,6
1230,18.0833333333333,29,22,16,22,18,21,30,18,17,36,16,81,91,28,8
1231,18.0833333333333,29,12,9,13,15,15,17,11,10,24,12,51,59,13,7
1232,18.0833333333333,20,16,14,16,7,13,11,14,13,22,12,75,81,22,4
1233,18.0833333333333,25,17,15,18,16,9,27,12,18,26,11,70,62,20,6
1234,18.1666666666667,20,15,11,19,17,21,27,15,18,24,11,68,69,26,6
1235,18.1666666666667,16,16,8,10,10,11,22,11,16,19,10,75,62,18,4
1236,18.1666666666667,29,22,9,21,17,20,28,16,20,25,13,79,84,27,8
1237,18.1666666666667,18,18,10,6,13,6,20,7,19,26,8,65,64,21,5
1238,18.1666666666667,32,20,17,19,17,14,26,13,16,30,14,82,88,26,8
1239,18.1666666666667,23,15,11,14,14,16,17,11,11,25,14,86,83,23,5
1240,18.1666666666667,31,19,18,20,18,13,23,12,16,28,15,69,67,23,7
1241,18.1666666666667,26,19,12,22,14,20,25,14,16,25,15,93,87,21,5
1242,18.25,27,22,14,20,17,23,26,15,14,29,13,62,81,24,8
1243,18.25,25,17,8,16,14,19,24,13,13,29,14,82,87,18,8
1244,18.25,31,22,15,23,16,23,26,14,18,26,14,73,87,24,7
1245,18.25,28,20,19,19,14,17,28,14,17,29,11,84,91,25,8
1246,18.25,29,19,12,16,12,13,17,13,13,28,7,69,75,19,3
1247,18.25,25,14,14,20,16,15,23,7,16,31,9,68,63,18,5
1248,18.25,25,18,14,18,18,16,25,11,12,22,14,74,85,19,4
1249,18.3333333333333,30,19,10,18,14,14,25,17,13,29,13,42,80,22,5
1250,18.3333333333333,29,20,14,18,15,16,29,15,17,30,15,88,98,25,6
1251,18.3333333333333,30,17,16,18,16,21,27,14,19,26,11,87,57,24,7
1252,18.3333333333333,29,21,15,20,18,21,31,12,15,28,15,78,79,26,5
1253,18.3333333333333,23,9,17,16,11,11,11,11,10,24,6,49,58,26,5
1254,18.3333333333333,25,18,14,21,19,22,24,15,16,36,14,79,82,26,6
1255,18.3333333333333,32,21,17,21,16,21,29,16,19,34,13,77,88,23,8
1256,18.3333333333333,28,18,14,17,14,18,27,16,16,25,14,83,64,16,6
1257,18.4166666666667,21,14,13,22,15,14,28,11,10,25,10,51,74,13,5
1258,18.4166666666667,25,16,11,12,9,12,27,15,15,20,13,47,65,23,4
1259,18.4166666666667,23,18,14,14,19,15,26,14,17,22,14,76,69,19,2
1260,18.4166666666667,33,17,14,21,16,19,16,15,15,24,13,81,85,23,6
1261,18.4166666666667,27,17,10,19,15,14,22,10,13,18,9,54,72,20,6
1262,18.4166666666667,26,14,13,14,8,13,21,13,12,20,10,64,52,17,4
1263,18.4166666666667,22,17,10,19,15,14,19,7,9,19,10,62,78,26,5
1264,18.4166666666667,28,24,18,18,15,14,25,14,17,31,13,73,86,26,6
1265,18.4166666666667,25,20,15,20,14,16,21,12,12,31,10,84,74,24,7
1266,18.4166666666667,25,16,15,16,16,13,25,13,19,24,11,86,84,24,6
1267,18.5,21,16,7,17,14,11,21,16,15,19,13,55,73,24,6
1268,18.5,27,20,12,14,15,17,22,14,15,29,11,70,75,25,6
1269,18.5,28,15,13,23,13,15,23,14,17,20,13,79,76,21,6
1270,18.5,18,15,10,18,18,18,22,17,16,33,9,74,83,23,5
1271,18.5,29,16,19,13,17,17,22,14,16,31,12,84,78,26,6
1272,18.5,29,19,12,20,14,14,27,13,16,24,12,66,73,22,6
1273,18.5,24,17,17,19,12,17,27,10,14,28,10,75,70,19,7
1274,18.5,32,19,16,21,15,18,29,11,16,33,12,88,86,20,8
1275,18.5833333333333,24,14,13,19,11,12,20,15,8,24,8,69,84,19,4
1276,18.5833333333333,30,19,13,22,18,16,24,18,19,26,15,93,87,24,7
1277,18.5833333333333,29,21,14,17,19,21,23,15,14,22,13,79,74,23,5
1278,18.5833333333333,28,12,12,18,12,17,13,16,15,20,14,72,80,23,8
1279,18.5833333333333,27,21,15,19,16,19,25,16,15,28,15,76,80,19,7
1280,18.5833333333333,26,16,15,23,13,17,20,11,10,28,13,82,78,26,7
1281,18.5833333333333,27,14,16,16,14,16,23,17,18,25,5,75,84,16,7
1282,18.5833333333333,22,16,16,20,10,16,24,12,13,27,4,88,74,16,3
1283,18.5833333333333,30,16,11,20,15,18,24,13,15,31,11,70,83,22,8
1284,18.6666666666667,33,21,17,17,17,14,30,15,9,21,14,79,85,26,7
1285,18.6666666666667,23,12,9,14,9,8,19,11,8,23,14,77,72,15,4
1286,18.6666666666667,28,18,15,17,16,19,15,10,12,25,11,69,65,25,8
1287,18.6666666666667,33,19,13,18,18,18,22,14,16,25,14,73,78,24,8
1288,18.6666666666667,25,16,13,17,13,18,28,12,19,26,11,83,81,26,7
1289,18.6666666666667,32,16,17,21,17,15,22,14,16,20,11,80,82,24,6
1290,18.6666666666667,27,15,17,21,16,20,19,9,14,23,14,81,89,24,3
1291,18.6666666666667,22,16,10,12,5,13,22,7,11,20,10,46,76,18,7
1292,18.6666666666667,29,17,19,21,17,22,24,13,12,16,11,77,78,23,5
1293,18.6666666666667,23,21,12,14,15,13,18,16,13,32,10,87,81,22,5
1294,18.75,23,15,13,18,16,16,25,12,14,26,8,71,83,22,7
1295,18.75,23,23,15,15,18,12,19,11,14,29,12,88,89,20,5
1296,18.75,28,19,13,16,18,14,27,16,15,23,10,80,86,26,6
1297,18.75,20,14,13,14,17,15,24,13,12,26,9,61,84,21,5
1298,18.75,30,22,15,21,19,16,25,14,15,31,12,89,91,19,7
1299,18.75,32,16,16,13,16,13,29,19,17,28,14,88,76,24,8
1300,18.75,17,13,10,18,14,12,14,8,11,18,7,61,72,21,7
1301,18.75,29,21,14,20,17,12,23,10,16,32,13,86,70,21,6
1302,18.75,23,16,8,17,12,18,27,14,13,28,10,81,64,19,6
1303,18.75,29,12,7,16,12,21,18,12,17,26,13,76,61,21,5
1304,18.8333333333333,25,18,9,12,13,9,22,10,8,29,13,54,73,22,5
1305,18.8333333333333,19,11,16,18,16,17,25,15,17,22,14,82,75,19,7
1306,18.8333333333333,18,11,14,13,13,13,17,12,12,20,11,57,73,19,5
1307,18.8333333333333,32,22,15,19,16,21,27,19,15,31,15,91,95,23,7
1308,18.8333333333333,30,15,16,22,14,21,25,10,15,26,13,82,73,22,5
1309,18.8333333333333,22,18,12,16,17,13,25,12,16,30,12,71,69,17,6
1310,18.8333333333333,32,18,11,15,18,18,25,16,13,25,9,72,86,19,7
1311,18.8333333333333,30,19,16,16,17,15,27,16,19,22,10,80,58,27,8
1312,18.8333333333333,28,19,18,18,11,15,31,17,17,31,12,73,78,25,7
1313,18.8333333333333,30,20,13,16,15,15,18,17,13,30,13,90,91,20,3
1314,18.8333333333333,28,16,13,19,19,14,27,12,16,20,12,80,68,17,6
1315,18.9166666666667,31,19,17,19,14,17,25,10,13,30,16,86,85,25,6
1316,18.9166666666667,29,21,12,22,16,20,18,13,12,29,11,78,67,17,5
1317,18.9166666666667,10,16,10,18,10,14,24,14,11,16,8,75,50,26,7
1318,18.9166666666667,30,23,16,22,19,22,29,18,18,30,15,90,89,24,8
1319,18.9166666666667,26,17,9,19,17,12,27,11,14,31,16,82,71,22,8
1320,18.9166666666667,23,17,13,12,15,15,23,14,16,32,14,83,94,24,8
1321,18.9166666666667,18,17,13,19,14,12,19,13,16,15,10,55,28,18,6
1322,18.9166666666667,28,20,19,19,14,16,25,10,18,33,15,92,87,27,8
1323,18.9166666666667,31,15,15,15,13,10,21,9,13,27,9,73,75,21,6
1324,18.9166666666667,29,15,11,18,13,11,22,13,14,24,4,78,68,16,5
1325,19,28,19,14,18,15,20,23,10,12,25,14,64,76,20,5
1326,19,20,16,11,21,14,19,25,15,15,31,12,81,94,21,7
1327,19,29,15,14,21,20,19,21,15,11,30,16,87,68,20,7
1328,19,26,20,17,19,11,19,22,15,11,28,10,81,69,27,7
1329,19,20,15,15,18,16,20,23,10,18,26,13,77,77,22,4
1330,19,28,22,16,19,19,18,22,13,15,23,12,81,67,23,6
1331,19.0833333333333,23,20,9,18,10,7,24,7,13,13,11,69,79,17,7
1332,19.0833333333333,24,16,10,19,15,14,23,11,15,23,8,75,80,20,6
1333,19.0833333333333,24,18,10,15,15,10,17,10,15,22,7,63,43,11,5
1334,19.0833333333333,27,22,7,17,15,18,17,12,18,28,8,49,82,24,6
1335,19.0833333333333,27,19,13,19,13,10,22,8,18,20,6,84,75,21,8
1336,19.0833333333333,31,19,14,17,19,19,22,13,15,24,10,79,74,21,8
1337,19.0833333333333,30,22,14,24,15,21,27,15,15,22,14,81,66,24,7
1338,19.0833333333333,22,19,12,21,16,16,24,14,14,26,15,58,90,18,8
1339,19.0833333333333,22,13,10,19,16,12,21,11,16,21,9,73,73,22,5
1340,19.1666666666667,26,22,15,15,19,14,25,13,14,20,12,88,88,21,7
1341,19.1666666666667,18,19,19,16,14,16,24,13,19,28,12,77,79,17,5
1342,19.1666666666667,26,15,13,19,14,14,25,14,17,31,10,74,84,18,6
1343,19.1666666666667,29,21,15,21,18,23,28,16,20,28,15,72,84,23,7
1344,19.1666666666667,22,16,16,12,17,18,24,12,12,30,14,72,84,19,6
1345,19.1666666666667,25,17,12,22,18,20,25,10,15,22,14,91,77,19,7
1346,19.1666666666667,16,14,5,10,15,11,22,15,17,17,9,68,71,15,8
1347,19.25,28,20,19,22,19,21,28,16,14,34,16,93,93,26,8
1348,19.25,22,15,11,17,12,5,19,10,10,18,12,68,48,22,7
1349,19.25,24,15,9,18,20,22,28,18,16,32,15,93,80,25,6
1350,19.25,21,9,16,14,8,13,22,10,7,30,10,49,36,8,2
1351,19.25,29,23,16,21,18,17,28,11,14,26,12,84,78,26,7
1352,19.3333333333333,22,16,9,23,15,19,25,15,12,24,9,81,73,25,8
1353,19.3333333333333,23,15,16,19,15,19,19,12,7,26,13,68,59,22,6
1354,19.3333333333333,26,17,16,18,18,19,21,14,18,32,14,80,85,26,5
1355,19.3333333333333,21,13,13,13,13,13,22,10,15,21,9,70,65,22,4
1356,19.3333333333333,22,15,13,9,11,7,11,8,7,24,8,52,84,15,5
1357,19.3333333333333,23,14,10,21,20,19,27,13,15,28,12,84,86,26,8
1358,19.3333333333333,19,11,14,17,11,15,13,14,8,21,12,56,79,9,4
1359,19.3333333333333,28,19,15,20,16,16,23,13,11,14,14,85,78,13,7
1360,19.4166666666667,28,19,16,22,10,14,22,13,15,25,13,77,91,24,6
1361,19.4166666666667,21,12,12,16,12,14,22,9,15,28,11,75,72,14,4
1362,19.4166666666667,29,24,16,18,14,17,20,16,15,27,14,77,88,27,7
1363,19.4166666666667,25,17,12,13,10,19,14,10,12,22,6,69,60,14,5
1364,19.4166666666667,23,17,8,17,14,16,21,9,13,18,5,57,31,14,5
1365,19.4166666666667,27,13,18,16,14,16,28,17,18,27,13,78,78,23,2
1366,19.4166666666667,27,16,12,20,19,21,24,14,17,34,12,70,80,20,7
1367,19.5,30,21,12,23,15,22,22,13,18,32,16,90,90,23,5
1368,19.5,29,22,16,22,13,18,28,12,19,25,11,86,87,23,7
1369,19.5,25,23,13,13,12,16,18,14,14,30,13,75,66,25,7
1370,19.5,29,17,15,23,13,18,19,12,12,27,10,77,73,25,6
1371,19.5,17,17,16,13,6,12,18,12,12,24,8,73,63,4,7
1372,19.5,26,18,10,18,15,11,14,7,15,16,13,41,50,13,2
1373,19.5,24,8,11,20,14,15,25,4,8,21,7,82,66,22,8
1374,19.5,30,19,15,20,16,20,29,13,14,33,11,80,76,20,3
1375,19.5,28,20,15,20,18,20,21,12,17,29,13,86,75,18,6
1376,19.5833333333333,21,10,13,14,13,9,17,14,13,16,7,56,58,19,6
1377,19.5833333333333,18,18,9,18,13,20,20,11,10,27,12,66,60,16,6
1378,19.5833333333333,27,18,17,19,14,22,22,12,13,24,11,84,83,13,5
1379,19.5833333333333,21,16,8,19,16,17,20,16,17,23,8,62,70,20,8
1380,19.5833333333333,31,21,19,17,19,19,24,16,17,34,13,78,76,26,8
1381,19.5833333333333,26,13,14,13,14,10,16,15,15,23,12,68,85,23,8
1382,19.5833333333333,15,12,7,15,9,12,24,6,10,17,12,58,51,15,3
1383,19.5833333333333,25,16,13,20,14,13,23,15,15,26,11,67,66,25,4
1384,19.5833333333333,25,14,14,12,14,10,17,14,13,25,14,59,81,19,4
1385,19.6666666666667,31,20,18,24,19,23,29,14,16,33,10,80,71,23,8
1386,19.6666666666667,30,20,15,21,16,13,29,14,19,34,12,74,73,17,8
1387,19.6666666666667,25,22,9,16,17,13,25,12,17,31,11,87,83,21,8
1388,19.6666666666667,31,20,14,21,12,18,21,14,16,27,12,79,88,20,6
1389,19.6666666666667,32,18,16,19,16,14,28,11,15,28,13,67,74,21,4
1390,19.6666666666667,32,21,19,17,16,15,29,14,16,33,16,96,87,23,7
1391,19.6666666666667,29,20,15,18,17,15,25,14,17,32,14,80,88,21,7
1392,19.6666666666667,27,17,11,22,12,15,27,15,16,32,13,76,72,22,4
1393,19.6666666666667,14,13,9,12,12,10,16,12,16,22,11,60,47,16,2
1394,19.6666666666667,33,22,18,23,19,22,32,17,18,26,13,92,83,27,8
1395,19.6666666666667,28,20,16,15,10,17,26,7,14,29,12,67,83,13,6
1396,19.6666666666667,28,18,12,15,13,16,22,14,13,20,9,84,84,24,7
1397,19.6666666666667,26,15,12,14,18,17,22,12,13,24,11,80,76,19,5
1398,19.6666666666667,19,19,11,16,9,16,24,12,11,21,13,74,81,22,7
1399,19.6666666666667,33,18,15,18,17,19,26,12,19,25,12,80,94,20,5
1400,19.75,29,13,15,22,14,18,22,17,18,26,15,88,75,22,7
1401,19.75,35,19,15,21,16,18,31,16,18,26,13,90,93,27,7
1402,19.75,25,16,17,12,11,15,26,12,9,25,8,60,79,20,7
1403,19.75,29,22,16,20,14,19,28,18,14,35,15,83,82,26,8
1404,19.75,24,21,12,18,15,18,28,13,17,16,14,72,52,21,6
1405,19.75,25,17,12,17,15,19,24,13,13,24,9,76,91,20,6
1406,19.75,30,21,18,21,15,17,22,14,15,28,16,87,94,23,8
1407,19.8333333333333,27,23,18,14,18,20,23,11,15,30,14,87,93,23,7
1408,19.8333333333333,25,20,16,19,17,19,26,12,17,29,14,89,74,25,8
1409,19.8333333333333,33,23,16,14,14,16,27,15,18,27,12,84,98,24,7
1410,19.8333333333333,26,20,18,21,14,15,30,17,17,32,12,89,91,23,7
1411,19.8333333333333,23,17,14,19,19,19,24,18,13,33,13,87,93,21,7
1412,19.8333333333333,25,14,15,13,11,18,16,13,15,20,10,65,68,22,7
1413,19.8333333333333,31,21,17,21,17,16,26,16,17,32,14,75,85,25,8
1414,19.9166666666667,25,21,10,12,15,17,22,14,18,26,13,76,75,18,8
1415,19.9166666666667,35,17,10,22,20,20,29,14,13,30,13,89,92,26,8
1416,19.9166666666667,30,20,14,12,16,21,22,11,15,26,14,83,77,17,5
1417,19.9166666666667,31,22,13,23,16,17,29,14,17,28,14,76,86,21,8
1418,19.9166666666667,29,21,11,19,16,22,23,13,17,30,13,78,69,22,8
1419,19.9166666666667,21,16,9,17,16,13,19,12,15,29,6,64,76,16,7
1420,20,28,21,16,22,15,18,25,15,12,25,12,80,89,24,4
1421,20,26,12,12,19,19,18,22,7,10,20,11,70,74,24,5
1422,20,26,21,17,15,14,13,22,13,14,17,10,70,68,17,5
1423,20.0833333333333,29,21,14,20,18,21,28,15,12,30,15,69,81,23,4
1424,20.0833333333333,21,17,10,14,13,14,24,14,12,29,15,50,71,9,6
1425,20.0833333333333,25,19,13,17,11,15,18,7,15,31,8,68,81,17,5
1426,20.0833333333333,30,19,11,18,16,14,27,16,18,25,14,87,77,19,6
1427,20.0833333333333,30,19,18,20,11,21,19,15,18,26,11,77,70,21,8
1428,20.0833333333333,22,18,10,19,17,11,28,17,17,23,14,78,75,17,8
1429,20.0833333333333,30,14,17,19,12,17,21,8,8,26,8,79,77,17,6
1430,20.0833333333333,27,13,12,19,13,15,23,17,16,19,9,63,64,23,5
1431,20.1666666666667,33,23,17,18,16,20,16,13,14,27,12,83,91,25,7
1432,20.1666666666667,26,16,11,19,13,20,26,13,12,23,12,78,72,24,7
1433,20.1666666666667,27,19,11,19,15,16,27,13,13,21,11,88,86,25,6
1434,20.1666666666667,27,19,7,18,9,15,21,10,15,29,9,30,44,19,6
1435,20.1666666666667,28,18,13,16,16,20,24,15,13,30,15,85,89,24,7
1436,20.1666666666667,24,20,16,17,18,20,23,10,16,28,15,75,86,20,6
1437,20.1666666666667,22,19,15,21,19,16,25,14,16,29,11,88,66,19,7
1438,20.1666666666667,20,20,12,18,14,13,13,11,11,24,10,82,68,20,5
1439,20.25,26,16,9,13,13,18,15,10,7,23,10,69,61,23,8
1440,20.25,27,16,14,18,15,12,23,8,17,29,12,85,80,19,8
1441,20.25,18,17,13,16,17,13,17,6,14,19,11,74,64,13,7
1442,20.25,33,20,20,19,12,15,21,15,15,21,13,71,76,26,6
1443,20.25,31,18,16,23,20,20,31,18,17,34,16,71,75,23,6
1444,20.25,21,17,15,14,12,14,20,10,7,22,11,70,69,19,5
1445,20.25,26,20,11,16,18,20,24,12,14,28,14,79,55,24,7
1446,20.25,32,21,15,22,16,19,25,13,16,22,12,86,87,26,7
1447,20.25,23,13,13,18,11,18,27,14,10,33,14,50,81,17,6
1448,20.25,27,19,12,20,14,17,25,15,14,27,13,77,83,26,8
1449,20.3333333333333,27,21,10,22,15,17,25,18,16,23,7,85,89,24,7
1450,20.3333333333333,34,22,16,21,17,20,29,13,17,34,16,84,86,26,7
1451,20.3333333333333,29,18,13,21,17,15,24,14,18,26,8,72,76,24,6
1452,20.3333333333333,22,15,10,17,13,17,19,8,15,26,11,67,67,18,7
1453,20.4166666666667,29,14,13,18,14,16,27,9,10,22,13,65,74,21,6
1454,20.4166666666667,28,15,12,18,13,18,30,15,17,20,13,73,62,25,4
1455,20.4166666666667,13,11,15,18,17,14,23,11,15,30,8,70,76,22,6
1456,20.4166666666667,29,21,13,22,19,17,24,14,17,30,13,89,81,26,7
1457,20.4166666666667,34,20,14,20,14,18,17,13,14,22,13,80,78,21,5
1458,20.4166666666667,29,22,9,15,15,15,27,13,15,28,8,69,66,19,6
1459,20.4166666666667,33,21,16,18,16,15,22,18,15,29,14,92,89,24,6
1460,20.4166666666667,26,18,19,20,16,15,24,15,17,19,11,70,79,23,6
1461,20.5,28,20,17,21,17,17,20,15,19,34,13,77,81,26,6
1462,20.5,28,17,10,14,14,14,25,11,20,33,10,66,82,19,6
1463,20.5,22,14,15,10,12,11,16,12,13,16,12,81,57,12,3
1464,20.5,29,17,16,13,15,20,25,14,14,21,13,76,76,18,6
1465,20.5,26,18,19,18,17,16,27,15,17,28,13,67,86,26,8
1466,20.5,28,17,13,17,11,14,23,15,13,29,12,73,62,19,4
1467,20.5,30,20,12,18,11,14,27,9,17,26,10,64,66,13,8
1468,20.5,29,20,13,19,16,11,20,11,11,24,7,90,91,23,7
1469,20.5,30,18,15,23,20,15,30,17,18,35,15,85,87,26,7
1470,20.5,22,15,14,15,13,10,13,12,13,25,15,81,85,17,5
1471,20.5,25,17,16,14,16,18,24,12,18,24,11,57,65,20,6
1472,20.5833333333333,26,13,14,20,13,12,16,12,9,25,9,58,76,18,4
1473,20.5833333333333,26,16,13,17,13,12,20,13,12,22,11,64,85,16,7
1474,20.5833333333333,29,16,14,19,13,17,23,11,18,25,14,88,87,18,6
1475,20.5833333333333,26,19,17,17,15,20,26,13,16,25,14,86,86,25,4
1476,20.5833333333333,34,22,16,20,16,15,19,13,17,29,13,76,84,21,6
1477,20.5833333333333,31,20,17,20,14,20,30,15,14,22,13,82,80,22,6
1478,20.5833333333333,28,13,9,19,16,18,22,13,16,27,8,75,78,21,5
1479,20.6666666666667,23,16,14,21,9,16,24,11,16,19,8,71,93,19,7
1480,20.6666666666667,30,14,14,18,18,10,23,15,11,32,8,86,62,24,5
1481,20.6666666666667,34,22,10,21,17,17,27,15,17,27,15,85,85,21,8
1482,20.6666666666667,33,24,15,15,14,15,29,16,17,32,12,83,88,22,6
1483,20.6666666666667,22,15,12,13,17,18,16,13,13,25,13,46,68,21,8
1484,20.75,30,19,16,19,19,14,25,17,14,29,14,78,85,23,6
1485,20.75,22,13,7,13,15,14,23,10,11,21,9,38,81,5,5
1486,20.75,26,17,11,20,13,18,22,12,17,20,8,76,76,23,6
1487,20.75,20,21,13,17,16,19,28,12,16,28,14,74,83,16,7
1488,20.8333333333333,32,21,15,19,19,20,29,16,17,27,10,94,81,21,6
1489,20.8333333333333,30,20,18,18,17,19,27,13,15,33,13,85,84,26,8
1490,20.8333333333333,23,11,6,15,9,12,25,11,9,27,12,79,74,11,7
1491,20.8333333333333,30,21,18,14,14,12,21,9,11,28,12,62,82,17,7
1492,20.8333333333333,32,22,19,21,18,12,27,13,16,30,13,78,90,27,8
1493,20.8333333333333,26,17,18,20,16,17,23,16,17,27,12,83,68,17,6
1494,20.8333333333333,26,15,9,18,13,11,25,14,15,25,10,82,93,25,6
1495,20.9166666666667,27,18,14,22,12,20,25,14,17,17,15,58,73,18,5
1496,20.9166666666667,29,18,18,19,15,14,29,14,12,30,10,85,68,26,8
1497,20.9166666666667,34,19,16,20,15,20,29,18,18,26,15,85,87,28,6
1498,20.9166666666667,30,14,11,20,15,23,25,12,17,27,13,79,72,28,6
1499,20.9166666666667,27,15,17,18,13,19,21,9,13,30,9,68,65,16,5
1500,21,26,13,13,16,13,9,23,16,10,14,7,72,57,16,7
1501,21,32,23,14,20,17,13,23,11,17,34,15,84,88,27,8
1502,21,27,15,15,22,9,16,19,12,15,27,8,76,83,19,6
1503,21,31,15,13,22,16,19,29,16,16,26,10,83,75,22,7
1504,21,30,20,16,21,17,22,29,17,18,30,13,74,77,21,7
1505,21,22,17,12,15,14,13,15,6,11,28,14,61,60,15,0
1506,21,31,16,10,20,16,14,24,11,8,32,10,66,75,19,6
1507,21,25,22,14,18,18,17,26,13,15,24,8,76,86,26,7
1508,21,32,16,15,21,18,21,24,15,20,32,15,68,83,20,7
1509,21,22,17,9,19,11,17,19,4,10,29,11,55,67,25,8
1510,21,18,13,15,16,10,8,19,11,15,31,12,44,38,20,6
1511,21.0833333333333,27,20,14,17,16,17,27,16,18,27,12,66,93,22,8
1512,21.0833333333333,31,21,14,17,16,12,22,13,12,27,10,81,73,24,7
1513,21.0833333333333,30,15,14,21,13,15,20,17,15,28,8,78,72,23,5
1514,21.0833333333333,25,20,15,17,16,18,25,15,13,28,11,74,68,21,8
1515,21.0833333333333,22,15,17,20,12,16,20,14,14,26,13,76,57,24,8
1516,21.0833333333333,31,21,13,13,12,14,22,14,15,24,9,72,82,19,8
1517,21.0833333333333,33,20,18,24,17,12,30,15,17,32,14,94,90,26,6
1518,21.0833333333333,25,18,18,13,15,11,27,11,15,33,15,90,77,22,5
1519,21.0833333333333,33,18,14,12,11,13,28,16,14,30,11,82,89,25,7
1520,21.0833333333333,21,18,14,13,15,16,20,10,15,25,12,58,74,14,3
1521,21.1666666666667,22,17,13,17,10,18,21,9,11,22,10,73,76,21,5
1522,21.1666666666667,24,14,12,8,11,14,18,8,15,21,9,76,80,16,7
1523,21.1666666666667,32,19,13,21,15,18,28,16,17,31,12,80,71,19,8
1524,21.1666666666667,30,17,14,22,16,15,26,7,13,29,14,91,92,22,5
1525,21.1666666666667,26,16,12,10,11,12,12,8,15,23,13,74,61,20,4
1526,21.1666666666667,23,22,15,17,14,12,26,17,18,25,12,80,65,20,5
1527,21.1666666666667,31,22,17,17,17,18,29,16,18,29,13,64,79,22,7
1528,21.25,20,16,10,15,13,6,18,8,9,25,9,50,80,23,4
1529,21.25,32,19,13,17,19,19,27,17,20,19,14,81,70,26,6
1530,21.25,19,15,7,16,12,19,22,15,19,26,9,63,73,20,6
1531,21.25,20,12,10,14,16,18,28,12,16,26,12,69,54,28,8
1532,21.25,24,16,16,16,17,18,20,13,14,19,13,67,71,17,6
1533,21.25,24,13,14,20,16,9,24,15,17,24,10,96,73,11,6
1534,21.3333333333333,24,19,15,16,14,12,26,14,14,19,10,57,71,21,7
1535,21.3333333333333,31,13,13,20,7,15,17,9,9,23,15,83,85,15,8
1536,21.3333333333333,23,17,5,21,10,16,15,11,12,25,13,71,73,23,7
1537,21.3333333333333,31,18,16,21,18,12,30,12,12,26,12,72,88,24,8
1538,21.3333333333333,25,16,10,13,15,15,23,12,12,28,9,70,86,22,6
1539,21.3333333333333,26,21,7,20,16,18,18,13,15,34,13,69,70,25,7
1540,21.3333333333333,28,21,15,18,13,16,20,13,14,23,13,82,76,25,7
1541,21.3333333333333,32,23,15,22,20,20,26,14,15,32,13,82,89,23,7
1542,21.3333333333333,28,18,13,15,14,19,27,15,16,26,12,81,85,21,8
1543,21.3333333333333,25,15,17,21,17,20,17,15,16,31,12,77,72,25,7
1544,21.3333333333333,31,18,10,19,19,18,21,11,15,29,16,62,85,24,5
1545,21.4166666666667,20,16,12,16,12,19,25,15,15,19,11,73,67,16,5
1546,21.4166666666667,30,20,13,22,17,19,22,8,15,30,10,69,75,23,8
1547,21.4166666666667,34,21,14,18,16,18,21,12,17,31,14,85,90,24,7
1548,21.4166666666667,28,17,16,18,14,17,21,14,18,24,14,72,87,26,6
1549,21.4166666666667,33,20,17,17,16,13,25,13,19,32,9,80,81,25,8
1550,21.4166666666667,22,20,13,22,17,10,25,14,15,29,2,73,65,25,7
1551,21.4166666666667,30,15,16,15,11,11,17,8,10,26,8,71,74,27,6
1552,21.5,33,15,16,20,13,14,27,11,16,32,13,77,77,23,6
1553,21.5,28,19,12,12,9,21,23,10,10,29,13,85,81,16,7
1554,21.5,28,18,15,17,18,14,29,12,15,28,14,66,83,23,7
1555,21.5,31,20,17,21,19,20,25,16,13,33,15,85,77,23,8
1556,21.5,26,21,13,20,14,17,25,12,17,26,12,64,75,16,5
1557,21.5,23,13,15,18,16,15,27,17,19,22,13,86,80,25,6
1558,21.5,29,21,16,20,15,23,29,19,18,25,15,80,90,26,8
1559,21.5,25,16,14,13,10,13,22,12,12,26,13,64,77,25,7
1560,21.5,31,21,16,20,18,18,27,11,17,30,16,78,89,26,6
1561,21.5,33,19,16,19,15,15,28,15,14,27,11,77,82,23,7
1562,21.5833333333333,31,21,16,19,15,14,26,16,14,32,11,85,87,20,7
1563,21.5833333333333,23,18,10,21,16,13,22,6,15,21,10,83,86,19,7
1564,21.5833333333333,26,15,11,18,17,20,24,12,14,25,14,80,85,27,7
1565,21.5833333333333,30,22,17,21,16,16,24,14,16,28,12,75,86,26,7
1566,21.5833333333333,25,20,13,19,16,18,25,7,15,34,12,77,74,20,8
1567,21.5833333333333,34,16,11,19,18,14,30,11,15,28,15,70,87,26,5
1568,21.5833333333333,27,19,11,22,18,22,22,14,12,30,11,90,82,19,8
1569,21.6666666666667,23,17,12,14,11,14,25,5,14,17,12,57,70,18,4
1570,21.6666666666667,27,19,14,15,17,15,21,13,16,20,12,88,83,10,7
1571,21.6666666666667,28,21,14,21,15,14,20,16,15,32,13,71,82,18,7
1572,21.6666666666667,27,16,17,22,17,15,26,14,12,27,13,63,81,19,8
1573,21.6666666666667,26,19,16,16,15,18,26,18,16,20,13,74,68,15,4
1574,21.6666666666667,33,16,16,20,17,18,20,14,17,32,15,78,94,19,8
1575,21.75,31,17,15,21,15,20,27,19,17,30,11,71,78,26,4
1576,21.75,26,20,15,24,17,20,26,16,17,33,10,67,88,28,5
1577,21.75,19,17,13,17,14,15,25,9,11,28,10,62,76,22,7
1578,21.75,14,16,12,20,16,17,20,15,16,24,11,39,68,15,8
1579,21.75,26,17,14,16,14,14,27,16,16,19,10,77,80,15,7
1580,21.75,17,20,8,20,13,18,25,14,16,31,10,54,65,18,8
1581,21.75,28,20,16,21,12,22,25,15,11,30,12,68,84,22,7
1582,21.75,30,18,16,21,19,19,30,18,19,26,13,87,92,26,6
1583,21.8333333333333,24,21,15,18,11,17,21,9,13,24,13,73,91,15,6
1584,21.8333333333333,25,18,15,18,8,14,16,16,10,25,10,59,34,19,6
1585,21.8333333333333,24,15,16,17,12,17,22,12,19,27,10,70,77,14,2
1586,21.8333333333333,24,20,14,20,19,20,17,13,13,28,12,91,86,25,4
1587,21.8333333333333,25,17,14,20,11,9,22,16,19,27,13,48,49,22,7
1588,21.8333333333333,28,19,15,19,14,16,27,15,17,30,13,77,79,21,5
1589,21.8333333333333,15,17,16,16,15,13,15,10,8,28,11,47,57,23,5
1590,21.9166666666667,29,23,18,22,18,19,26,16,9,20,10,74,70,20,8
1591,21.9166666666667,34,20,18,21,20,20,30,19,17,30,15,88,89,21,8
1592,21.9166666666667,22,15,13,20,12,19,25,14,16,29,11,83,76,15,5
1593,21.9166666666667,28,20,12,19,15,15,25,10,16,27,12,63,74,24,8
1594,21.9166666666667,27,15,16,23,12,15,26,13,18,23,12,82,79,22,8
1595,21.9166666666667,28,20,11,21,18,11,19,14,13,29,14,53,49,23,7
1596,21.9166666666667,28,18,13,19,20,21,24,11,17,26,12,80,81,24,7
1597,21.9166666666667,29,22,14,23,16,13,16,11,13,29,7,70,78,24,7
1598,21.9166666666667,24,12,11,8,11,8,19,7,13,16,8,63,63,21,5
1599,21.9166666666667,29,14,16,18,14,12,29,13,9,28,13,72,82,20,6
1600,21.9166666666667,33,22,14,17,14,18,26,13,17,28,13,82,89,23,7
